1,1,0,24,30,1,0,0,0,1,0,0,0,0,0,0,0,0,0,0,0,0.0,0.0
2,2,24,30,29,1,0,0,0,1,0,0,0,0,0,0,0,0,20,7,23,3.0,0.0
3,3,30,29,3,1,0,0,0,1,0,0,19,0,2,3,1,-48,6,6,33,27.0,0.0
4,4,29,3,30,0,0,1,1,0,0,0,0,0,0,0,0,0,0,0,0,0.0,0.0
5,5,3,30,29,0,0,1,0,0,0,0,10,7,1,0,6,-56,35,3,12,23.0,0.0
6,6,30,29,29,1,0,0,0,1,0,0,10,1,3,0,2,-18,41,3,6,35.0,0.0
7,7,29,29,56,1,0,0,0,1,0,0,10,0,10,0,10,62,33,0,17,16.0,0.0
8,8,29,56,9,0,0,0,0,0,0,0,0,0,0,0,0,0,0,0,0,0.0,0.0
9,9,56,9,15,0,0,1,1,0,0,0,0,0,0,0,0,0,0,0,0,0.0,0.0
10,10,9,15,22,1,0,0,0,1,0,0,0,0,0,0,0,0,0,0,0,0.0,0.0
11,11,15,22,18,0,0,0,0,0,0,0,0,0,0,0,0,0,0,0,0,0.0,0.0
12,12,22,18,32,0,0,0,0,0,0,0,0,0,0,0,0,0,0,0,0,0.0,0.0
13,13,18,32,58,0,0,0,0,0,0,0,10,0,4,7,3,-12,30,1,19,11.0,0.0
14,14,32,58,55,0,0,0,0,0,0,0,0,0,0,0,0,0,0,0,0,0.0,0.0
15,15,58,55,18,0,0,0,0,0,0,0,0,0,0,0,0,0,0,0,0,0.0,0.0
16,16,55,18,24,0,0,1,0,0,0,0,0,0,0,0,0,0,0,0,0,0.0,0.0
17,17,18,24,29,0,0,0,1,0,1,0,0,0,0,0,0,0,0,0,0,0.0,0.0
18,18,24,29,9,0,0,0,0,0,0,0,10,3,1,5,2,-46,18,0,32,14.0,0.0
19,19,29,9,62,0,0,1,1,0,0,0,0,0,0,0,0,0,0,0,0,0.0,0.0
20,20,9,62,18,0,0,0,0,1,0,1,0,0,0,0,0,0,0,0,0,0.0,0.0
21,21,62,18,51,0,0,0,0,1,0,1,0,0,0,0,0,0,0,0,0,0.0,0.0
22,22,18,51,59,0,0,0,0,1,0,1,0,0,0,0,0,0,0,0,0,0.0,0.0
23,23,51,59,24,0,0,0,0,1,0,1,0,0,0,0,0,0,0,0,0,0.0,0.0
24,24,59,24,22,0,0,0,0,1,0,1,0,0,0,0,0,0,0,0,0,0.0,0.0
25,25,24,22,32,0,0,0,0,1,0,1,0,0,0,0,0,0,0,0,0,0.0,0.0
26,26,22,32,9,0,0,0,0,1,0,1,0,0,0,0,0,0,28,0,22,6.0,0.0
27,27,32,9,0,0,0,1,1,0,0,0,0,0,0,0,0,0,0,0,0,0.0,0.0
1,1,0,48,53,0,0,0,0,1,0,1,0,0,0,0,0,0,0,0,0,0.0,0.0
2,2,48,53,10,0,0,0,1,0,0,0,0,0,0,0,0,0,0,0,0,0.0,0.0
3,3,53,10,56,0,0,1,1,0,0,0,0,0,0,0,0,0,0,0,0,0.0,0.0
4,4,10,56,22,1,0,0,0,1,0,0,0,0,0,0,0,0,0,0,0,0.0,0.0
5,5,56,22,29,0,0,0,0,0,0,0,0,0,0,0,0,0,0,0,0,0.0,0.0
6,6,22,29,29,0,0,0,0,0,0,0,10,0,3,0,3,-6,44,0,6,38.0,0.0
7,7,29,29,22,0,0,0,0,0,0,0,10,6,1,0,5,-48,17,0,33,16.0,0.0
8,8,29,22,21,0,0,0,0,0,0,0,0,0,0,0,0,0,0,0,0,0.0,0.0
9,9,22,21,21,0,0,0,1,0,0,1,0,0,0,0,0,0,0,0,0,0.0,0.0
10,10,21,21,52,0,0,0,1,0,0,0,0,0,0,0,0,0,0,0,0,0.0,0.0
11,11,21,52,0,0,0,0,1,0,0,0,0,0,0,0,0,0,0,0,0,0.0,0.0
1,1,0,28,51,1,0,0,0,1,0,0,0,0,0,0,0,0,0,0,0,0.0,0.0
2,2,28,51,44,0,0,1,0,0,0,0,0,0,0,0,0,0,0,0,0,0.0,0.0
3,3,51,44,18,0,0,0,0,0,0,0,0,0,0,0,0,0,0,0,0,0.0,0.0
4,4,44,18,29,0,0,1,0,0,0,0,0,0,0,0,0,0,0,0,0,0.0,0.0
5,5,18,29,22,0,0,0,0,0,0,0,10,6,1,0,5,-56,15,0,35,20.0,0.0
6,6,29,22,41,0,0,0,0,0,0,0,0,0,0,0,0,0,0,0,0,0.0,0.0
7,7,22,41,29,0,0,0,0,0,0,0,10,8,0,1,7,-74,18,5,27,9.0,0.0
8,8,41,29,30,0,0,0,0,0,0,0,10,7,0,0,7,-56,35,0,15,20.0,0.0
9,9,29,30,30,0,0,0,0,1,0,1,19,1,3,7,4,-26,8,7,35,27.0,0.0
10,10,30,30,21,0,0,0,0,1,0,0,0,0,0,0,0,0,20,7,23,3.0,0.0
11,11,30,21,0,0,0,0,1,0,0,0,0,0,0,0,0,0,0,0,0,0.0,0.0
1,1,0,40,28,1,0,1,0,1,0,1,10,2,2,0,0,-44,20,0,20,0.0,0.0
2,2,40,28,44,0,0,0,0,0,0,0,0,0,0,0,0,0,0,0,0,0.0,0.0
3,3,28,44,58,0,0,0,0,0,0,0,0,0,0,0,0,0,0,0,0,0.0,0.0
4,4,44,58,30,0,0,0,0,0,0,0,0,0,0,0,0,0,0,0,0,0.0,0.0
5,5,58,30,29,1,0,0,0,1,0,0,10,5,0,0,5,-62,15,8,27,12.0,0.0
6,6,30,29,44,1,0,0,0,1,0,0,10,0,10,0,10,70,50,0,0,50.0,0.0
7,7,29,44,44,0,0,0,0,0,0,0,0,0,0,0,0,0,0,0,0,0.0,0.0
8,8,44,44,0,0,0,0,0,0,0,0,0,0,0,0,0,0,0,0,0,0.0,0.0
1,1,0,53,30,0,0,0,1,0,0,0,0,0,0,0,0,0,0,0,0,0.0,0.0
2,2,53,30,30,1,0,0,0,1,0,0,0,0,0,0,0,0,8,2,40,32.0,0.0
3,3,30,30,7,1,0,0,0,1,0,0,16,0,5,9,4,2,12,1,37,25.0,0.0
4,4,30,7,30,0,0,1,1,0,0,0,0,0,0,0,0,0,0,0,0,0.0,0.0
5,5,7,30,32,1,0,0,0,1,0,0,0,0,0,0,0,0,11,7,32,21.0,0.0
6,6,30,32,18,0,0,0,1,1,0,0,0,0,0,0,0,0,15,21,14,6.0,0.0
7,7,32,18,51,0,0,1,0,0,0,0,0,0,0,0,0,0,0,0,0,0.0,0.0
8,8,18,51,56,0,0,0,0,0,0,0,0,0,0,0,0,0,0,0,0,0.0,0.0
9,9,51,56,22,0,0,0,0,0,0,0,0,0,0,0,0,0,0,0,0,0.0,0.0
10,10,56,22,18,0,0,0,0,0,0,0,0,0,0,0,0,0,0,0,0,0.0,0.0
11,11,22,18,51,0,0,1,0,0,0,0,0,0,0,0,0,0,0,0,0,0.0,0.0
12,12,18,51,22,0,0,0,0,0,0,0,0,0,0,0,0,0,0,0,0,0.0,0.0
13,13,51,22,29,0,0,0,0,0,0,0,0,0,0,0,0,0,0,0,0,0.0,0.0
14,14,22,29,50,0,0,0,0,0,0,0,10,0,0,0,0,-48,15,0,35,20.0,0.0
15,15,29,50,54,0,0,0,0,0,0,0,0,0,0,0,0,0,0,0,0,0.0,0.0
16,16,50,54,29,0,0,0,0,0,0,0,0,0,0,0,0,0,0,0,0,0.0,0.0
17,17,54,29,22,0,0,0,0,0,0,0,10,5,1,0,4,-64,7,1,42,35.0,0.0
18,18,29,22,18,0,0,0,0,0,0,0,0,0,0,0,0,0,0,0,0,0.0,0.0
19,19,22,18,24,0,0,0,0,0,0,0,0,0,0,0,0,0,0,0,0,0.0,0.0
20,20,18,24,29,0,0,0,0,0,0,0,0,0,0,0,0,0,0,0,0,0.0,0.0
21,21,24,29,22,0,0,0,0,0,0,0,0,0,0,0,0,0,25,8,17,8.0,0.0
22,22,29,22,24,0,0,0,0,0,0,0,0,0,0,0,0,0,0,0,0,0.0,0.0
23,23,22,24,30,0,0,0,1,0,1,0,0,0,0,0,0,0,0,0,0,0.0,0.0
24,24,24,30,0,1,0,0,0,1,0,0,20,0,4,0,4,-14,22,16,2,6.0,0.0
1,1,0,48,53,0,0,0,0,1,0,1,0,0,0,0,0,0,0,0,0,0.0,0.0
2,2,48,53,10,0,0,0,1,0,0,0,0,0,0,0,0,0,0,0,0,0.0,0.0
3,3,53,10,30,0,0,1,1,0,0,0,0,0,0,0,0,0,0,0,0,0.0,0.0
4,4,10,30,3,1,0,0,0,1,0,0,0,0,0,0,0,0,24,5,21,3.0,0.0
5,5,30,3,29,0,0,1,1,0,0,0,0,0,0,0,0,0,0,0,0,0.0,0.0
6,6,3,29,22,0,0,0,0,0,0,0,10,1,0,5,4,-46,16,0,34,18.0,0.0
7,7,29,22,18,0,0,0,0,0,0,0,0,0,0,0,0,0,0,0,0,0.0,0.0
8,8,22,18,30,1,0,0,0,1,0,0,0,0,0,0,0,0,0,0,0,0.0,0.0
9,9,18,30,22,1,0,0,0,1,0,0,10,1,7,1,6,34,29,4,17,12.0,0.0
10,10,30,22,41,0,0,0,0,0,0,0,0,0,0,0,0,0,0,0,0,0.0,0.0
11,11,22,41,24,0,0,0,0,0,0,0,0,0,0,0,0,0,29,5,16,13.0,0.0
12,12,41,24,29,0,0,0,0,0,0,0,0,0,0,0,0,0,0,0,0,0.0,0.0
13,13,24,29,29,0,0,0,0,0,0,0,10,3,2,0,1,-34,37,3,10,27.0,0.0
14,14,29,29,3,0,0,0,0,0,0,0,10,1,0,0,1,-48,44,0,6,38.0,0.0
15,15,29,3,15,0,0,1,1,0,0,0,0,0,0,0,0,0,0,0,0,0.0,0.0
16,16,3,15,30,0,1,0,0,0,0,0,0,0,0,0,0,0,0,0,0,0.0,0.0
17,17,15,30,24,1,0,0,0,1,0,0,0,0,0,0,0,0,28,0,17,11.0,0.0
18,18,30,24,3,1,0,0,0,1,0,0,0,0,0,0,0,0,0,0,0,0.0,0.0
19,19,24,3,21,0,0,1,1,0,0,0,0,0,0,0,0,0,0,0,0,0.0,0.0
20,20,3,21,52,0,0,0,1,0,0,0,0,0,0,0,0,0,0,0,0,0.0,0.0
21,21,21,52,0,0,0,0,1,0,0,0,0,0,0,0,0,0,0,0,0,0.0,0.0
1,1,0,15,55,0,1,1,0,0,0,0,0,0,0,0,0,0,0,0,0,0.0,0.0
2,2,15,55,22,0,0,0,0,0,0,0,0,0,0,0,0,0,0,0,0,0.0,0.0
3,3,55,22,30,0,0,0,0,0,0,0,0,0,0,0,0,0,0,0,0,0.0,0.0
4,4,22,30,29,1,0,0,0,1,0,0,10,0,5,1,4,10,13,9,28,15.0,0.0
5,5,30,29,56,0,0,0,0,0,0,0,18,0,10,0,10,76,10,0,35,25.0,0.0
6,6,29,56,10,0,0,0,0,0,0,0,0,0,0,0,0,0,0,0,0,0.0,0.0
7,7,56,10,30,0,0,1,1,0,0,0,0,0,0,0,0,0,0,0,0,0.0,0.0
8,8,10,30,29,1,0,0,0,1,0,0,10,0,8,1,7,38,32,0,18,14.0,0.0
9,9,30,29,22,0,0,0,0,0,0,0,10,0,4,0,4,12,6,0,44,38.0,0.0
10,10,29,22,32,0,0,0,0,0,0,0,0,0,0,0,0,0,0,0,0,0.0,0.0
11,11,22,32,10,0,0,0,0,0,0,0,19,0,5,35,30,0,24,7,14,10.0,0.0
12,12,32,10,52,0,0,1,1,0,0,0,0,0,0,0,0,0,0,0,0,0.0,0.0
13,13,10,52,0,0,0,0,1,0,0,0,0,0,0,0,0,0,0,0,0,0.0,0.0
1,1,0,51,24,1,0,0,0,1,0,0,0,0,0,0,0,0,0,0,0,0.0,0.0
2,2,51,24,56,0,0,0,0,0,0,0,0,0,0,0,0,0,0,0,0,0.0,0.0
3,3,24,56,22,0,0,0,0,0,0,0,0,0,0,0,0,0,0,0,0,0.0,0.0
4,4,56,22,41,0,0,0,0,0,0,0,0,0,0,0,0,0,0,0,0,0.0,0.0
5,5,22,41,24,0,0,0,0,0,0,0,10,8,0,0,8,-68,14,1,15,1.0,0.0
6,6,41,24,29,0,0,0,0,0,0,0,0,0,0,0,0,0,0,0,0,0.0,0.0
7,7,24,29,22,0,0,0,0,0,0,0,10,0,4,0,4,4,15,16,19,3.0,0.0
8,8,29,22,30,0,0,0,0,0,0,0,0,0,0,0,0,0,0,0,0,0.0,0.0
9,9,22,30,9,1,0,0,0,1,0,0,10,5,0,1,4,-62,14,0,36,22.0,0.0
10,10,30,9,0,0,0,1,1,0,0,0,0,0,0,0,0,0,0,0,0,0.0,0.0
1,1,0,48,53,0,0,0,0,1,0,1,0,0,0,0,0,0,0,0,0,0.0,0.0
2,2,48,53,10,0,0,0,1,0,0,0,0,0,0,0,0,0,0,0,0,0.0,0.0
3,3,53,10,24,0,0,1,1,0,0,0,0,0,0,0,0,0,0,0,0,0.0,0.0
4,4,10,24,24,1,0,0,0,1,0,0,0,0,0,0,0,0,0,0,0,0.0,0.0
5,5,24,24,30,0,0,0,0,0,0,0,0,0,0,0,0,0,0,0,0,0.0,0.0
6,6,24,30,51,0,0,0,0,0,0,0,0,0,0,0,0,0,3,4,43,39.0,0.0
7,7,30,51,56,0,0,0,0,0,0,0,0,0,0,0,0,0,0,0,0,0.0,0.0
8,8,51,56,30,0,0,0,0,0,0,0,0,0,0,0,0,0,0,0,0,0.0,0.0
9,9,56,30,9,0,0,0,0,0,0,0,20,0,1,0,1,-30,22,1,22,0.0,0.0
10,10,30,9,21,0,0,0,1,0,0,0,0,0,0,0,0,0,0,0,0,0.0,0.0
11,11,9,21,0,0,0,0,1,0,0,0,0,0,0,0,0,0,0,0,0,0.0,0.0
1,1,0,21,30,0,0,0,1,0,0,0,0,0,0,0,0,0,0,0,0,0.0,0.0
2,2,21,30,30,0,0,0,0,0,0,0,0,0,0,0,0,0,32,7,11,21.0,0.0
3,3,30,30,56,0,0,0,0,0,0,0,0,0,0,0,0,0,7,11,27,16.0,0.0
4,4,30,56,51,0,0,0,0,0,0,0,0,0,0,0,0,0,0,0,0,0.0,0.0
5,5,56,51,15,0,0,0,0,0,0,0,0,0,0,0,0,0,0,0,0,0.0,0.0
6,6,51,15,29,0,0,0,0,0,0,0,0,0,0,0,0,0,0,0,0,0.0,0.0
7,7,15,29,30,0,0,0,0,0,0,0,10,5,2,0,3,-44,24,1,25,1.0,0.0
8,8,29,30,40,0,0,0,0,0,0,0,0,0,0,0,0,0,25,0,5,20.0,0.0
1,1,30,40,54,1,0,1,0,1,0,1,10,2,2,0,0,-44,20,0,20,0.0,0.0
2,2,40,54,22,0,0,0,0,0,0,0,0,0,0,0,0,0,0,0,0,0.0,0.0
3,3,54,22,18,0,0,0,0,0,0,0,0,0,0,0,0,0,0,0,0,0.0,0.0
4,4,22,18,29,0,0,0,0,0,0,0,0,0,0,0,0,0,0,0,0,0.0,0.0
5,5,18,29,44,0,0,0,0,0,0,0,0,0,0,0,0,0,33,4,13,20.0,0.0
6,6,29,44,18,0,0,0,0,0,0,0,0,0,0,0,0,0,0,0,0,0.0,0.0
7,7,44,18,29,0,0,0,0,0,0,0,0,0,0,0,0,0,0,0,0,0.0,0.0
8,8,18,29,9,0,0,0,0,0,0,0,10,0,10,0,10,76,14,8,28,14.0,0.0
9,9,29,9,21,0,0,1,1,0,0,0,0,0,0,0,0,0,0,0,0,0.0,0.0
10,10,9,21,0,0,0,0,1,0,0,0,0,0,0,0,0,0,0,0,0,0.0,0.0
1,1,0,30,30,1,0,0,0,1,0,0,20,3,6,0,3,-8,13,1,16,3.0,0.0
2,2,30,30,30,0,0,0,0,1,0,0,20,3,0,0,3,-36,17,0,13,4.0,0.0
3,3,30,30,15,1,0,0,0,1,0,0,10,2,6,0,4,0,20,1,29,9.0,0.0
4,4,30,15,15,1,0,0,0,1,0,1,0,0,0,0,0,0,0,0,0,0.0,0.0
5,5,15,15,3,0,0,0,1,0,0,0,0,0,0,0,0,0,0,0,0,0.0,0.0
6,6,15,3,29,0,0,1,1,0,0,0,0,0,0,0,0,0,0,0,0,0.0,0.0
7,7,3,29,10,1,0,0,0,1,0,0,20,1,0,0,1,-48,11,0,19,8.0,0.0
8,8,29,10,30,0,0,1,1,0,1,0,0,0,0,0,0,0,0,0,0,0.0,0.0
9,9,10,30,7,0,0,0,1,1,0,1,20,2,3,0,1,-36,16,2,32,16.0,0.0
10,10,30,7,30,0,0,1,1,0,0,0,0,0,0,0,0,0,0,0,0,0.0,0.0
11,11,7,30,6,1,0,0,0,1,0,0,10,1,3,1,2,-30,7,0,43,36.0,0.0
12,12,30,6,15,0,0,1,1,0,0,0,0,0,0,0,0,0,0,0,0,0.0,0.0
13,13,6,15,8,0,1,0,0,0,0,0,0,0,0,0,0,0,0,0,0,0.0,0.0
14,14,15,8,10,0,0,1,1,0,0,0,0,0,0,0,0,0,0,0,0,0.0,0.0
15,15,8,10,24,0,0,1,1,0,1,0,0,0,0,0,0,0,0,0,0,0.0,0.0
16,16,10,24,54,1,0,0,0,1,0,0,0,0,0,0,0,0,0,0,0,0.0,0.0
17,17,24,54,22,0,0,0,0,0,0,0,0,0,0,0,0,0,0,0,0,0.0,0.0
18,18,54,22,30,0,0,0,0,0,0,0,0,0,0,0,0,0,0,0,0,0.0,0.0
19,19,22,30,52,0,0,0,0,0,0,0,0,0,0,0,0,0,21,1,13,8.0,0.0
20,20,30,52,52,0,0,0,1,0,0,0,0,0,0,0,0,0,0,0,0,0.0,0.0
21,21,52,52,0,0,0,0,1,0,0,0,0,0,0,0,0,0,0,0,0,0.0,0.0
1,1,0,51,30,1,0,0,0,1,0,0,0,0,0,0,0,0,0,0,0,0.0,0.0
2,2,51,30,10,1,0,0,0,1,0,0,17,2,2,0,0,-12,19,2,19,0.0,0.0
3,3,30,10,29,0,0,1,1,0,1,0,0,0,0,0,0,0,0,0,0,0.0,0.0
4,4,10,29,30,1,0,0,0,1,0,0,16,0,9,0,9,48,17,4,19,2.0,0.0
5,5,29,30,7,0,0,0,0,1,0,1,0,0,0,0,0,0,28,4,18,10.0,0.0
6,6,30,7,30,0,0,1,1,0,0,0,0,0,0,0,0,0,0,0,0,0.0,0.0
7,7,7,30,15,0,0,0,0,1,0,1,0,0,0,0,0,0,32,2,16,16.0,0.0
8,8,30,15,24,0,1,0,0,0,0,0,0,0,0,0,0,0,0,0,0,0.0,0.0
9,9,15,24,24,0,0,0,0,1,0,1,0,0,0,0,0,0,0,0,0,0.0,0.0
10,10,24,24,30,0,0,0,0,0,0,0,0,0,0,0,0,0,0,0,0,0.0,0.0
11,11,24,30,30,0,0,0,0,1,0,1,19,4,2,0,2,-24,0,0,40,40.0,0.0
12,12,30,30,30,0,0,0,0,1,0,1,0,0,0,0,0,0,29,2,19,10.0,0.0
13,13,30,30,8,0,0,0,0,1,0,1,0,0,0,0,0,0,15,2,18,3.0,0.0
14,14,30,8,29,0,0,1,1,0,0,0,0,0,0,0,0,0,0,0,0,0.0,0.0
15,15,8,29,10,1,0,0,0,1,0,0,0,0,0,0,0,0,11,2,27,16.0,0.0
16,16,29,10,29,0,0,1,1,0,0,0,0,0,0,0,0,0,0,0,0,0.0,0.0
17,17,10,29,32,1,0,0,0,1,0,0,16,0,9,0,9,48,17,4,19,2.0,0.0
18,18,29,32,19,1,0,0,0,1,0,0,0,0,0,0,0,0,20,2,28,8.0,0.0
19,19,32,19,51,1,0,0,0,1,0,0,0,0,0,0,0,0,0,0,0,0.0,0.0
20,20,19,51,10,1,0,0,0,1,0,0,0,0,0,0,0,0,0,0,0,0.0,0.0
21,21,51,10,52,0,0,0,1,0,0,0,0,0,0,0,0,0,0,0,0,0.0,0.0
22,22,10,52,30,0,0,0,1,0,0,0,0,0,0,0,0,0,0,0,0,0.0,0.0
1,1,52,30,15,1,0,0,0,1,0,0,10,1,6,0,5,18,3,1,46,43.0,0.0
2,2,30,15,6,0,1,0,0,0,0,0,0,0,0,0,0,0,0,0,0,0.0,0.0
3,3,15,6,15,0,0,1,1,0,0,0,0,0,0,0,0,0,0,0,0,0.0,0.0
4,4,6,15,22,0,1,0,0,0,0,0,0,0,0,0,0,0,0,0,0,0.0,0.0
5,5,15,22,15,0,0,0,0,0,0,0,0,0,0,0,0,0,0,0,0,0.0,0.0
6,6,22,15,30,0,0,0,1,0,0,0,0,0,0,0,0,0,0,0,0,0.0,0.0
7,7,15,30,21,0,0,0,0,1,0,1,10,9,1,0,8,-52,28,2,20,8.0,0.0
8,8,30,21,21,0,0,0,1,0,0,0,0,0,0,0,0,0,0,0,0,0.0,0.0
9,9,21,21,48,0,0,0,1,0,0,0,0,0,0,0,0,0,0,0,0,0.0,0.0
1,1,21,48,53,0,0,0,0,1,0,1,0,0,0,0,0,0,0,0,0,0.0,0.0
2,2,48,53,10,0,0,0,1,0,0,0,0,0,0,0,0,0,0,0,0,0.0,0.0
3,3,53,10,18,0,0,1,1,0,0,0,0,0,0,0,0,0,0,0,0,0.0,0.0
4,4,10,18,59,1,0,0,0,1,0,0,0,0,0,0,0,0,0,0,0,0.0,0.0
5,5,18,59,63,0,0,0,0,0,0,0,0,0,0,0,0,0,0,0,0,0.0,0.0
6,6,59,63,30,0,0,0,0,0,0,0,0,0,0,0,0,0,0,0,0,0.0,0.0
7,7,63,30,44,1,0,0,0,1,0,0,19,1,3,0,2,-18,7,16,7,9.0,0.0
8,8,30,44,55,0,0,0,0,0,0,0,0,0,0,0,0,0,0,0,0,0.0,0.0
9,9,44,55,24,0,0,0,0,0,0,0,0,0,0,0,0,0,0,0,0,0.0,0.0
10,10,55,24,14,0,0,0,0,0,0,0,0,0,0,0,0,0,0,0,0,0.0,0.0
11,11,24,14,15,0,0,0,0,0,0,0,0,0,0,0,0,0,0,0,0,0.0,0.0
12,12,14,15,22,0,1,0,0,0,0,0,0,0,0,0,0,0,0,0,0,0.0,0.0
13,13,15,22,30,0,0,0,0,0,0,0,0,0,0,0,0,0,0,0,0,0.0,0.0
14,14,22,30,9,0,0,0,0,1,0,1,0,0,0,0,0,0,22,4,24,2.0,0.0
15,15,30,9,62,0,0,1,1,0,0,0,0,0,0,0,0,0,0,0,0,0.0,0.0
16,16,9,62,18,1,0,0,0,1,0,0,0,0,0,0,0,0,0,0,0,0.0,0.0
17,17,62,18,24,0,0,1,0,0,0,0,0,0,0,0,0,0,0,0,0,0.0,0.0
18,18,18,24,9,0,0,0,0,0,0,0,0,0,0,0,0,0,0,0,0,0.0,0.0
19,19,24,9,52,0,0,1,1,0,0,0,0,0,0,0,0,0,0,0,0,0.0,0.0
20,20,9,52,32,0,0,0,1,0,0,0,0,0,0,0,0,0,0,0,0,0.0,0.0
1,1,52,32,22,1,0,0,0,1,0,0,20,0,8,0,8,48,7,8,20,12.0,0.0
2,2,32,22,24,0,0,0,0,0,0,0,0,0,0,0,0,0,0,0,0,0.0,0.0
3,3,22,24,14,0,0,0,0,0,0,0,0,0,0,0,0,0,0,0,0,0.0,0.0
4,4,24,14,29,0,0,0,0,0,0,0,0,0,0,0,0,0,0,0,0,0.0,0.0
5,5,14,29,22,0,0,0,0,0,0,0,10,4,0,0,4,-54,24,5,21,3.0,0.0
6,6,29,22,62,0,0,0,0,0,0,0,0,0,0,0,0,0,0,0,0,0.0,0.0
7,7,22,62,9,0,0,0,0,0,0,0,0,0,0,0,0,0,0,0,0,0.0,0.0
8,8,62,9,0,0,0,1,1,0,0,0,0,0,0,0,0,0,0,0,0,0.0,0.0
1,1,0,29,22,1,0,0,0,1,0,0,18,0,5,2,3,-8,10,1,29,19.0,0.0
2,2,29,22,51,0,0,0,0,0,0,0,0,0,0,0,0,0,0,0,0,0.0,0.0
3,3,22,51,6,0,0,0,0,1,0,0,0,0,0,0,0,0,0,0,0,0.0,0.0
4,4,51,6,30,0,0,1,1,0,0,0,0,0,0,0,0,0,0,0,0,0.0,0.0
5,5,6,30,22,1,0,0,0,1,0,0,0,0,0,0,0,0,23,1,11,12.0,0.0
6,6,30,22,29,0,0,0,0,0,0,0,0,0,0,0,0,0,0,0,0,0.0,0.0
7,7,22,29,52,0,0,0,0,0,0,0,0,0,0,0,0,0,25,0,20,5.0,0.0
8,8,29,52,0,0,0,0,1,0,0,0,0,0,0,0,0,0,0,0,0,0.0,0.0
1,1,0,30,32,1,0,0,0,1,0,0,0,0,0,0,0,0,17,4,14,3.0,0.0
2,2,30,32,29,1,0,0,0,1,0,0,0,0,0,0,0,0,20,2,28,8.0,0.0
3,3,32,29,32,1,0,0,0,1,0,0,0,0,0,0,0,0,28,2,20,8.0,0.0
4,4,29,32,56,1,0,0,0,1,0,0,0,0,0,0,0,0,21,3,26,5.0,0.0
5,5,32,56,29,1,0,0,0,1,0,0,0,0,0,0,0,0,0,0,0,0.0,0.0
6,6,56,29,29,1,0,0,0,1,0,0,0,0,0,0,0,0,21,3,21,0.0,0.0
7,7,29,29,10,1,0,0,0,1,0,0,0,0,0,0,0,0,23,0,22,1.0,0.0
8,8,29,10,30,0,0,1,1,0,0,0,0,0,0,0,0,0,0,0,0,0.0,0.0
9,9,10,30,6,1,0,0,0,1,0,0,0,0,0,0,0,0,17,4,14,3.0,0.0
10,10,30,6,18,0,0,1,1,0,0,0,0,0,0,0,0,0,0,0,0,0.0,0.0
11,11,6,18,24,0,0,1,0,0,0,0,0,0,0,0,0,0,0,0,0,0.0,0.0
12,12,18,24,24,0,0,0,0,0,0,0,0,0,0,0,0,0,0,0,0,0.0,0.0
13,13,24,24,29,0,0,0,0,0,0,0,0,0,0,0,0,0,0,0,0,0.0,0.0
14,14,24,29,29,0,0,0,0,0,0,0,10,1,5,0,4,0,22,5,23,1.0,0.0
15,15,29,29,6,0,0,0,0,0,0,0,0,0,0,0,0,0,43,1,6,37.0,0.0
16,16,29,6,59,0,0,1,1,0,0,0,0,0,0,0,0,0,0,0,0,0.0,0.0
17,17,6,59,54,0,0,0,0,0,0,0,0,0,0,0,0,0,0,0,0,0.0,0.0
18,18,59,54,18,0,0,0,0,0,0,0,0,0,0,0,0,0,0,0,0,0.0,0.0
19,19,54,18,10,0,0,1,0,0,0,0,0,0,0,0,0,0,0,0,0,0.0,0.0
20,20,18,10,52,0,0,0,1,0,0,0,0,0,0,0,0,0,0,0,0,0.0,0.0
21,21,10,52,0,0,0,0,1,0,0,0,0,0,0,0,0,0,0,0,0,0.0,0.0
1,1,0,30,30,1,0,0,0,1,0,0,18,0,4,0,4,-16,11,8,26,15.0,0.0
2,2,30,30,55,0,0,0,0,1,0,1,0,0,0,0,0,0,22,1,27,5.0,0.0
3,3,30,55,22,0,0,0,0,0,0,0,0,0,0,0,0,0,0,0,0,0.0,0.0
4,4,55,22,29,0,0,0,0,0,0,0,0,0,0,0,0,0,0,0,0,0.0,0.0
5,5,22,29,22,0,0,0,0,0,0,0,10,0,2,0,2,-28,11,3,36,25.0,0.0
6,6,29,22,18,0,0,0,0,0,0,0,0,0,0,0,0,0,0,0,0,0.0,0.0
7,7,22,18,56,0,0,0,0,0,0,0,0,0,0,0,0,0,0,0,0,0.0,0.0
8,8,18,56,55,0,0,0,0,0,0,0,0,0,0,0,0,0,0,0,0,0.0,0.0
9,9,56,55,22,0,0,0,0,0,0,0,0,0,0,0,0,0,0,0,0,0.0,0.0
10,10,55,22,30,0,0,0,0,0,0,0,0,0,0,0,0,0,0,0,0,0.0,0.0
11,11,22,30,54,0,0,0,0,0,0,0,0,0,0,0,0,0,23,4,23,0.0,0.0
12,12,30,54,18,0,0,0,0,0,0,0,0,0,0,0,0,0,0,0,0,0.0,0.0
13,13,54,18,32,0,0,0,0,0,0,0,0,0,0,0,0,0,0,0,0,0.0,0.0
14,14,18,32,55,0,0,0,0,0,0,0,19,0,7,9,2,26,17,0,28,11.0,0.0
15,15,32,55,56,0,0,0,0,0,0,0,0,0,0,0,0,0,0,0,0,0.0,0.0
16,16,55,56,50,0,0,0,0,0,0,0,0,0,0,0,0,0,0,0,0,0.0,0.0
17,17,56,50,54,0,0,0,0,0,0,0,0,0,0,0,0,0,0,0,0,0.0,0.0
18,18,50,54,9,0,0,0,0,0,0,0,0,0,0,0,0,0,0,0,0,0.0,0.0
19,19,54,9,30,0,0,1,1,0,0,0,0,0,0,0,0,0,0,0,0,0.0,0.0
20,20,9,30,54,1,0,0,0,1,0,0,20,0,6,1,5,26,17,8,10,7.0,0.0
21,21,30,54,18,0,0,0,0,0,0,0,0,0,0,0,0,0,0,0,0,0.0,0.0
22,22,54,18,55,0,0,0,0,0,0,0,0,0,0,0,0,0,0,0,0,0.0,0.0
23,23,18,55,45,0,0,0,0,0,0,0,0,0,0,0,0,0,0,0,0,0.0,0.0
24,24,55,45,32,0,0,0,0,0,0,0,0,0,0,0,0,0,0,0,0,0.0,0.0
25,25,45,32,0,0,0,0,0,0,0,0,0,0,0,0,0,0,22,7,21,1.0,0.0
1,1,0,30,30,1,0,0,0,1,0,0,0,0,0,0,0,0,18,4,18,0.0,0.0
2,2,30,30,3,1,0,0,0,1,0,0,0,0,0,0,0,0,19,5,26,7.0,0.0
3,3,30,3,30,0,0,1,1,0,0,0,0,0,0,0,0,0,0,0,0,0.0,0.0
4,4,3,30,26,0,0,1,0,0,0,0,10,7,1,0,6,-56,35,3,12,23.0,0.0
5,5,30,26,54,0,0,0,0,0,0,0,0,0,0,0,0,0,0,0,0,0.0,0.0
6,6,26,54,9,0,0,0,0,0,0,0,0,0,0,0,0,0,0,0,0,0.0,0.0
7,7,54,9,15,0,0,1,1,0,0,0,0,0,0,0,0,0,0,0,0,0.0,0.0
8,8,9,15,32,0,1,0,0,0,0,0,0,0,0,0,0,0,0,0,0,0.0,0.0
9,9,15,32,57,1,0,0,0,1,0,0,10,0,5,11,6,-12,30,1,19,11.0,0.0
10,10,32,57,22,1,0,0,0,1,0,0,0,0,0,0,0,0,0,0,0,0.0,0.0
11,11,57,22,56,1,0,0,0,1,0,0,0,0,0,0,0,0,0,0,0,0.0,0.0
12,12,22,56,22,1,0,0,0,1,0,0,0,0,0,0,0,0,0,0,0,0.0,0.0
13,13,56,22,30,0,0,0,0,0,0,0,0,0,0,0,0,0,0,0,0,0.0,0.0
14,14,22,30,29,1,0,0,0,1,0,0,10,0,9,0,9,54,11,8,31,20.0,0.0
15,15,30,29,52,1,0,0,0,1,0,0,18,0,10,0,10,76,15,0,30,15.0,0.0
16,16,29,52,0,0,0,0,1,0,0,0,0,0,0,0,0,0,0,0,0,0.0,0.0
1,1,0,48,53,0,0,0,0,1,0,1,0,0,0,0,0,0,0,0,0,0.0,0.0
2,2,48,53,10,0,0,0,1,0,0,0,0,0,0,0,0,0,0,0,0,0.0,0.0
3,3,53,10,56,0,0,1,1,0,0,0,0,0,0,0,0,0,0,0,0,0.0,0.0
4,4,10,56,40,1,0,0,0,1,0,0,0,0,0,0,0,0,0,0,0,0.0,0.0
5,5,56,40,15,0,0,0,0,0,0,0,0,0,0,0,0,0,33,3,9,24.0,0.0
6,6,40,15,30,0,1,0,0,0,0,0,0,0,0,0,0,0,0,0,0,0.0,0.0
7,7,15,30,15,1,0,0,0,1,0,0,10,1,3,1,2,-30,7,0,43,36.0,0.0
8,8,30,15,22,0,1,0,0,0,0,0,0,0,0,0,0,0,0,0,0,0.0,0.0
9,9,15,22,30,0,0,0,0,0,0,0,0,0,0,0,0,0,0,0,0,0.0,0.0
10,10,22,30,30,1,0,1,0,1,0,1,10,8,1,0,7,-64,21,3,26,5.0,0.0
11,11,30,30,29,1,0,0,0,1,0,0,10,0,9,0,9,46,36,2,12,24.0,0.0
12,12,30,29,22,1,0,0,0,1,0,0,0,0,0,0,0,0,26,1,23,3.0,0.0
13,13,29,22,21,0,0,0,0,0,0,0,0,0,0,0,0,0,0,0,0,0.0,0.0
14,14,22,21,21,1,0,0,1,0,0,0,0,0,0,0,0,0,0,0,0,0.0,0.0
15,15,21,21,21,1,0,0,1,0,0,0,0,0,0,0,0,0,0,0,0,0.0,0.0
16,16,21,21,21,0,0,0,1,0,0,0,0,0,0,0,0,0,0,0,0,0.0,0.0
17,17,21,21,52,1,0,0,1,0,0,0,0,0,0,0,0,0,0,0,0,0.0,0.0
18,18,21,52,21,0,0,0,1,0,0,0,0,0,0,0,0,0,0,0,0,0.0,0.0
19,19,52,21,0,1,0,0,1,0,0,0,0,0,0,0,0,0,0,0,0,0.0,0.0
1,1,0,48,53,0,0,0,0,1,0,1,0,0,0,0,0,0,0,0,0,0.0,0.0
2,2,48,53,10,0,0,0,1,0,0,0,0,0,0,0,0,0,0,0,0,0.0,0.0
3,3,53,10,55,0,0,1,1,0,0,0,0,0,0,0,0,0,0,0,0,0.0,0.0
4,4,10,55,29,1,0,0,0,1,0,0,0,0,0,0,0,0,0,0,0,0.0,0.0
5,5,55,29,44,0,0,0,0,0,0,0,10,5,0,2,3,-56,19,0,31,12.0,0.0
6,6,29,44,24,0,0,0,0,1,0,1,0,0,0,0,0,0,0,0,0,0.0,0.0
7,7,44,24,29,0,0,0,0,0,0,0,0,0,0,0,0,0,0,0,0,0.0,0.0
8,8,24,29,9,0,0,0,0,0,0,0,10,9,0,0,9,-74,26,0,24,2.0,0.0
9,9,29,9,51,0,0,1,1,0,0,0,0,0,0,0,0,0,0,0,0,0.0,0.0
10,10,9,51,29,1,0,0,0,1,0,0,0,0,0,0,0,0,0,0,0,0.0,0.0
11,11,51,29,54,0,0,0,0,0,0,0,10,6,1,0,5,-48,17,0,33,16.0,0.0
12,12,29,54,18,0,0,0,0,0,0,0,0,0,0,0,0,0,0,0,0,0.0,0.0
13,13,54,18,29,0,0,0,0,0,0,0,0,0,0,0,0,0,0,0,0,0.0,0.0
14,14,18,29,47,0,0,0,0,0,0,0,10,0,3,0,3,-16,28,3,19,9.0,0.0
15,15,29,47,22,0,0,0,0,0,0,0,0,0,0,0,0,0,0,0,0,0.0,0.0
16,16,47,22,18,0,0,0,0,0,0,0,0,0,0,0,0,0,0,0,0,0.0,0.0
17,17,22,18,24,0,0,1,0,0,0,0,0,0,0,0,0,0,0,0,0,0.0,0.0
18,18,18,24,29,0,0,0,0,0,0,0,0,0,0,0,0,0,0,0,0,0.0,0.0
19,19,24,29,29,0,0,0,0,1,0,1,10,8,0,0,8,-54,17,0,33,16.0,0.0
20,20,29,29,18,0,0,0,0,0,0,0,10,2,4,3,1,0,16,2,32,16.0,0.0
21,21,29,18,40,0,0,0,0,0,0,0,0,0,0,0,0,0,0,0,0,0.0,0.0
22,22,18,40,28,1,0,1,0,1,0,1,10,2,2,0,0,-44,20,0,20,0.0,0.0
23,23,40,28,14,0,0,0,0,0,0,0,0,0,0,0,0,0,0,0,0,0.0,0.0
24,24,28,14,28,0,0,0,0,0,0,0,0,0,0,0,0,0,0,0,0,0.0,0.0
25,25,14,28,44,0,0,0,0,0,0,0,0,0,0,0,0,0,0,0,0,0.0,0.0
26,26,28,44,54,0,0,0,0,0,0,0,0,0,0,0,0,0,0,0,0,0.0,0.0
27,27,44,54,22,0,0,0,0,0,0,0,0,0,0,0,0,0,0,0,0,0.0,0.0
28,28,54,22,51,0,0,0,0,0,0,0,0,0,0,0,0,0,0,0,0,0.0,0.0
29,29,22,51,0,0,0,0,1,0,0,0,0,0,0,0,0,0,0,0,0,0.0,0.0
1,1,0,51,21,0,0,0,1,1,0,0,0,0,0,0,0,0,0,0,0,0.0,0.0
2,2,51,21,22,0,0,0,1,0,0,0,0,0,0,0,0,0,0,0,0,0.0,0.0
3,3,21,22,15,0,0,0,0,0,0,0,0,0,0,0,0,0,0,0,0,0.0,0.0
4,4,22,15,22,0,1,1,0,0,0,0,0,0,0,0,0,0,0,0,0,0.0,0.0
5,5,15,22,24,0,0,0,0,0,0,0,0,0,0,0,0,0,0,0,0,0.0,0.0
6,6,22,24,29,0,0,0,0,0,0,0,0,0,0,0,0,0,0,0,0,0.0,0.0
7,7,24,29,47,0,0,0,0,0,0,0,10,9,0,0,9,-80,16,6,28,12.0,0.0
8,8,29,47,22,0,0,0,0,0,0,0,0,0,0,0,0,0,0,0,0,0.0,0.0
9,9,47,22,30,0,0,0,0,0,0,0,0,0,0,0,0,0,0,0,0,0.0,0.0
10,10,22,30,30,0,0,0,0,1,0,1,10,7,2,0,5,-36,32,10,8,22.0,0.0
11,11,30,30,56,1,0,0,0,1,0,0,20,0,5,0,5,6,30,0,15,15.0,0.0
12,12,30,56,14,0,0,0,0,0,0,0,0,0,0,0,0,0,0,0,0,0.0,0.0
13,13,56,14,29,0,0,0,0,0,0,0,0,0,0,0,0,0,0,0,0,0.0,0.0
14,14,14,29,3,0,0,0,0,0,0,0,18,0,5,1,4,22,6,5,29,23.0,0.0
15,15,29,3,30,0,0,1,1,0,0,0,0,0,0,0,0,0,0,0,0,0.0,0.0
16,16,3,30,30,0,0,1,0,0,0,0,10,7,1,0,6,-56,35,3,12,23.0,0.0
17,17,30,30,32,1,0,0,0,1,0,0,10,0,9,0,9,56,18,15,17,1.0,0.0
18,18,30,32,9,0,0,0,0,0,0,0,20,5,2,0,3,-46,38,0,12,26.0,0.0
19,19,32,9,53,0,0,1,1,0,0,0,0,0,0,0,0,0,0,0,0,0.0,0.0
20,20,9,53,59,0,0,0,1,0,0,0,0,0,0,0,0,0,0,0,0,0.0,0.0
21,21,53,59,22,0,0,0,0,0,0,0,0,0,0,0,0,0,0,0,0,0.0,0.0
22,22,59,22,30,0,0,0,0,0,0,0,0,0,0,0,0,0,0,0,0,0.0,0.0
23,23,22,30,30,1,0,0,0,1,0,0,20,0,0,6,6,-60,14,2,24,10.0,0.0
24,24,30,30,3,1,0,0,0,1,0,0,20,1,1,9,8,-50,16,7,22,6.0,0.0
25,25,30,3,24,0,0,1,1,0,0,0,0,0,0,0,0,0,0,0,0,0.0,0.0
26,26,3,24,9,0,0,0,0,0,0,0,0,0,0,0,0,0,0,0,0,0.0,0.0
27,27,24,9,0,0,0,1,1,0,0,0,0,0,0,0,0,0,0,0,0,0.0,0.0
1,1,0,24,30,1,0,0,0,1,0,0,0,0,0,0,0,0,0,0,0,0.0,0.0
2,2,24,30,51,1,0,0,0,1,0,0,10,2,2,3,1,-42,19,0,31,12.0,0.0
3,3,30,51,29,1,0,0,0,1,0,0,0,0,0,0,0,0,0,0,0,0.0,0.0
4,4,51,29,21,0,0,0,0,0,0,0,10,7,0,0,7,-64,24,4,22,2.0,0.0
5,5,29,21,0,0,0,0,1,0,0,0,0,0,0,0,0,0,0,0,0,0.0,0.0
1,1,0,30,30,0,0,0,0,1,0,1,0,0,0,0,0,0,40,2,8,32.0,0.0
2,2,30,30,15,1,0,0,0,1,0,0,10,1,0,8,7,-60,28,4,18,10.0,0.0
3,3,30,15,6,0,1,1,0,0,0,0,0,0,0,0,0,0,0,0,0,0.0,0.0
4,4,15,6,15,0,0,1,1,0,0,0,0,0,0,0,0,0,0,0,0,0.0,0.0
5,5,6,15,15,0,1,0,0,0,0,0,0,0,0,0,0,0,0,0,0,0.0,0.0
6,6,15,15,30,0,1,0,0,0,0,0,0,0,0,0,0,0,0,0,0,0.0,0.0
7,7,15,30,29,0,0,0,0,1,0,1,0,0,0,0,0,0,24,4,12,12.0,0.0
8,8,30,29,15,1,0,0,0,1,0,0,10,1,3,0,2,-18,41,3,6,35.0,0.0
9,9,29,15,51,0,1,1,0,0,0,0,0,0,0,0,0,0,0,0,0,0.0,0.0
10,10,15,51,29,1,0,0,0,1,0,0,0,0,0,0,0,0,0,0,0,0.0,0.0
11,11,51,29,52,1,0,0,0,1,0,0,0,0,0,0,0,0,31,0,9,22.0,0.0
12,12,29,52,0,0,0,0,1,0,0,0,0,0,0,0,0,0,0,0,0,0.0,0.0
1,1,0,40,55,1,0,1,0,1,0,1,10,2,2,0,0,-44,20,0,20,0.0,0.0
2,2,40,55,18,0,0,0,0,0,0,0,0,0,0,0,0,0,0,0,0,0.0,0.0
3,3,55,18,53,0,0,1,0,0,0,0,0,0,0,0,0,0,0,0,0,0.0,0.0
4,4,18,53,29,0,0,0,1,0,0,0,0,0,0,0,0,0,0,0,0,0.0,0.0
5,5,53,29,22,0,0,0,0,0,0,0,10,5,2,1,3,-50,23,0,27,4.0,0.0
6,6,29,22,53,0,0,0,0,0,0,0,0,0,0,0,0,0,0,0,0,0.0,0.0
7,7,22,53,52,0,0,0,1,0,0,0,0,0,0,0,0,0,0,0,0,0.0,0.0
8,8,53,52,41,0,0,0,1,0,0,0,0,0,0,0,0,0,0,0,0,0.0,0.0
9,9,52,41,29,1,0,0,0,1,0,0,10,6,1,0,5,-56,26,0,24,2.0,0.0
10,10,41,29,3,1,0,0,0,1,0,0,10,1,4,7,3,-8,15,0,35,20.0,0.0
11,11,29,3,30,0,0,1,1,0,0,0,0,0,0,0,0,0,0,0,0,0.0,0.0
12,12,3,30,24,0,0,1,0,0,0,0,10,7,1,0,6,-56,35,3,12,23.0,0.0
13,13,30,24,29,0,0,0,0,0,0,0,0,0,0,0,0,0,0,0,0,0.0,0.0
14,14,24,29,51,1,0,0,0,1,0,0,10,3,3,0,0,-28,19,2,29,10.0,0.0
15,15,29,51,9,1,0,0,0,1,0,0,0,0,0,0,0,0,0,0,0,0.0,0.0
16,16,51,9,7,0,0,0,1,0,0,0,0,0,0,0,0,0,0,0,0,0.0,0.0
17,17,9,7,30,0,0,1,1,0,0,0,0,0,0,0,0,0,0,0,0,0.0,0.0
18,18,7,30,29,0,0,0,0,1,0,0,0,0,0,0,0,0,26,1,13,13.0,0.0
19,19,30,29,29,1,0,0,0,1,0,0,19,1,8,0,7,36,27,0,18,9.0,0.0
20,20,29,29,30,1,0,0,0,1,0,0,20,9,0,0,9,-58,19,3,23,4.0,0.0
21,21,29,30,8,0,0,0,0,1,0,1,20,1,1,0,0,-36,31,1,18,13.0,0.0
22,22,30,8,0,0,0,1,1,0,0,0,0,0,0,0,0,0,0,0,0,0.0,0.0
1,1,0,40,54,0,0,0,1,1,0,0,10,4,2,0,2,-58,31,3,16,15.0,0.0
2,2,40,54,44,0,0,0,0,0,0,0,0,0,0,0,0,0,0,0,0,0.0,0.0
3,3,54,44,30,0,0,0,0,0,0,0,0,0,0,0,0,0,0,0,0,0.0,0.0
4,4,44,30,29,1,0,0,0,1,0,0,10,3,2,0,1,-30,25,2,23,2.0,0.0
5,5,30,29,9,0,0,0,0,0,0,0,10,0,10,0,10,76,14,8,28,14.0,0.0
6,6,29,9,52,0,0,1,1,0,0,0,0,0,0,0,0,0,0,0,0,0.0,0.0
7,7,9,52,30,0,0,0,1,0,0,0,0,0,0,0,0,0,0,0,0,0.0,0.0
1,1,52,30,21,1,0,0,0,1,0,0,10,1,5,0,4,0,42,0,8,34.0,0.0
2,2,30,21,10,1,0,0,1,0,0,0,0,0,0,0,0,0,0,0,0,0.0,0.0
3,3,21,10,7,0,0,1,1,0,0,0,0,0,0,0,0,0,0,0,0,0.0,0.0
4,4,10,7,30,0,0,1,1,0,0,0,0,0,0,0,0,0,0,0,0,0.0,0.0
5,5,7,30,8,0,0,0,1,1,1,1,0,0,0,0,0,0,12,0,8,4.0,0.0
6,6,30,8,21,0,0,1,1,0,0,0,0,0,0,0,0,0,0,0,0,0.0,0.0
7,7,8,21,51,0,0,0,1,0,0,0,0,0,0,0,0,0,0,0,0,0.0,0.0
8,8,21,51,21,0,0,0,0,0,0,0,0,0,0,0,0,0,0,0,0,0.0,0.0
9,9,51,21,10,0,0,0,1,0,0,0,0,0,0,0,0,0,0,0,0,0.0,0.0
10,10,21,10,15,0,0,1,1,0,0,0,0,0,0,0,0,0,0,0,0,0.0,0.0
11,11,10,15,9,0,0,0,1,0,1,0,0,0,0,0,0,0,0,0,0,0.0,0.0
12,12,15,9,15,0,0,1,1,0,0,0,0,0,0,0,0,0,0,0,0,0.0,0.0
13,13,9,15,29,0,0,0,0,0,0,0,0,0,0,0,0,0,0,0,0,0.0,0.0
14,14,15,29,55,1,0,0,0,1,0,0,10,10,0,0,10,-70,24,1,25,1.0,0.0
15,15,29,55,10,1,0,0,0,1,0,0,0,0,0,0,0,0,0,0,0,0.0,0.0
16,16,55,10,0,0,0,0,1,0,0,0,0,0,0,0,0,0,0,0,0,0.0,0.0
1,1,0,48,53,0,0,0,0,1,0,1,0,0,0,0,0,0,0,0,0,0.0,0.0
2,2,48,53,21,0,0,0,1,0,0,0,0,0,0,0,0,0,0,0,0,0.0,0.0
3,3,53,21,32,0,0,0,1,0,0,1,0,0,0,0,0,0,0,0,0,0.0,0.0
4,4,21,32,29,1,0,0,1,1,0,0,0,0,0,0,0,0,29,1,20,9.0,0.0
5,5,32,29,7,1,0,0,0,1,0,0,0,0,0,0,0,0,24,0,26,2.0,0.0
6,6,29,7,51,0,0,1,1,0,0,0,0,0,0,0,0,0,0,0,0,0.0,0.0
7,7,7,51,30,1,0,0,0,1,0,0,0,0,0,0,0,0,0,0,0,0.0,0.0
8,8,51,30,8,1,0,0,0,1,0,0,14,2,4,1,2,0,2,1,42,40.0,0.0
9,9,30,8,22,0,0,1,1,0,0,0,0,0,0,0,0,0,0,0,0,0.0,0.0
10,10,8,22,29,0,0,0,0,0,0,0,0,0,0,0,0,0,0,0,0,0.0,0.0
11,11,22,29,56,0,0,0,0,0,0,0,10,0,2,0,2,-28,11,3,36,25.0,0.0
12,12,29,56,22,0,0,0,0,0,0,0,0,0,0,0,0,0,0,0,0,0.0,0.0
13,13,56,22,30,0,0,0,0,0,0,0,0,0,0,0,0,0,0,0,0,0.0,0.0
14,14,22,30,30,1,0,0,0,1,0,0,10,1,4,0,3,-12,23,0,27,4.0,0.0
15,15,30,30,29,1,0,0,0,1,0,0,20,5,0,8,3,-60,8,2,20,12.0,0.0
16,16,30,29,29,1,0,0,0,1,0,0,10,1,7,0,6,28,49,0,1,48.0,0.0
17,17,29,29,10,0,0,0,0,0,0,0,10,8,1,0,7,-56,29,8,13,16.0,0.0
18,18,29,10,56,0,0,1,1,0,0,0,0,0,0,0,0,0,0,0,0,0.0,0.0
19,19,10,56,29,0,0,0,0,0,0,0,0,0,0,0,0,0,0,0,0,0.0,0.0
20,20,56,29,53,0,0,0,0,0,0,0,10,6,0,0,6,-64,13,2,35,22.0,0.0
21,21,29,53,0,0,0,0,1,0,0,0,0,0,0,0,0,0,0,0,0,0.0,0.0
1,1,0,21,55,1,0,0,1,0,0,0,0,0,0,0,0,0,0,0,0,0.0,0.0
2,2,21,55,50,0,0,0,0,0,0,0,0,0,0,0,0,0,0,0,0,0.0,0.0
3,3,55,50,54,0,0,0,0,0,0,0,0,0,0,0,0,0,0,0,0,0.0,0.0
4,4,50,54,22,0,0,0,0,0,0,0,0,0,0,0,0,0,0,0,0,0.0,0.0
5,5,54,22,21,0,0,0,0,0,0,0,0,0,0,0,0,0,0,0,0,0.0,0.0
6,6,22,21,3,1,0,0,1,0,0,0,0,0,0,0,0,0,0,0,0,0.0,0.0
7,7,21,3,30,0,0,1,1,0,0,0,0,0,0,0,0,0,0,0,0,0.0,0.0
8,8,3,30,29,0,0,1,0,0,0,0,10,7,1,0,6,-56,35,3,12,23.0,0.0
9,9,30,29,29,1,0,0,0,1,0,0,19,2,2,0,0,-44,20,2,23,3.0,0.0
10,10,29,29,29,1,0,0,0,1,0,0,20,4,1,0,3,-64,26,0,19,7.0,0.0
11,11,29,29,29,0,0,0,0,0,0,0,10,3,0,0,3,-48,28,1,21,7.0,0.0
12,12,29,29,52,0,0,0,0,0,0,0,0,0,0,0,0,0,25,0,20,5.0,0.0
13,13,29,52,52,0,0,0,1,0,1,0,0,0,0,0,0,0,0,0,0,0.0,0.0
14,14,52,52,0,0,0,0,1,0,0,0,0,0,0,0,0,0,0,0,0,0.0,0.0
1,1,0,30,10,1,0,0,0,1,0,0,18,0,8,0,8,14,23,0,7,16.0,0.0
2,2,30,10,30,0,0,1,1,0,0,0,0,0,0,0,0,0,0,0,0,0.0,0.0
3,3,10,30,30,0,0,0,0,1,0,1,20,0,4,0,4,-6,20,0,30,10.0,0.0
4,4,30,30,15,0,0,0,0,1,0,1,20,0,4,0,4,-6,20,0,30,10.0,0.0
5,5,30,15,30,0,1,0,0,0,0,0,0,0,0,0,0,0,0,0,0,0.0,0.0
6,6,15,30,30,0,0,0,0,0,0,0,18,0,8,0,8,14,23,0,7,16.0,0.0
7,7,30,30,15,0,0,0,0,0,0,0,19,0,3,0,3,-16,31,3,16,15.0,0.0
8,8,30,15,51,0,1,1,0,0,0,0,0,0,0,0,0,0,0,0,0,0.0,0.0
9,9,15,51,29,0,0,0,0,0,0,0,0,0,0,0,0,0,0,0,0,0.0,0.0
10,10,51,29,10,0,0,0,0,0,0,0,0,0,0,0,0,0,8,40,2,32.0,0.0
11,11,29,10,30,0,0,1,1,0,0,0,0,0,0,0,0,0,0,0,0,0.0,0.0
12,12,10,30,15,0,0,1,1,0,0,0,10,9,0,0,9,-74,0,0,0,0.0,0.0
13,13,30,15,9,0,0,0,1,0,0,0,0,0,0,0,0,0,0,0,0,0.0,0.0
14,14,15,9,15,0,0,1,1,0,0,0,0,0,0,0,0,0,0,0,0,0.0,0.0
15,15,9,15,7,0,1,0,0,0,0,0,0,0,0,0,0,0,0,0,0,0.0,0.0
16,16,15,7,15,0,0,1,1,0,0,0,0,0,0,0,0,0,0,0,0,0.0,0.0
17,17,7,15,29,0,1,1,0,0,0,0,0,0,0,0,0,0,0,0,0,0.0,0.0
18,18,15,29,29,1,0,0,1,1,0,0,0,0,0,0,0,0,24,2,24,0.0,0.0
19,19,29,29,10,1,0,0,0,1,0,0,10,2,4,0,2,-10,25,2,23,2.0,0.0
20,20,29,10,30,0,0,1,1,0,0,0,0,0,0,0,0,0,0,0,0,0.0,0.0
21,21,10,30,30,1,0,0,0,1,0,0,10,5,2,0,3,-34,20,4,26,6.0,0.0
22,22,30,30,15,1,0,0,1,1,1,0,0,0,0,0,0,0,13,1,36,23.0,0.0
23,23,30,15,10,0,0,0,1,0,0,0,0,0,0,0,0,0,0,0,0,0.0,0.0
24,24,15,10,15,0,0,1,1,0,0,0,0,0,0,0,0,0,0,0,0,0.0,0.0
25,25,10,15,51,0,1,0,0,0,0,0,0,0,0,0,0,0,0,0,0,0.0,0.0
26,26,15,51,10,0,0,0,0,1,0,0,0,0,0,0,0,0,0,0,0,0.0,0.0
27,27,51,10,52,0,0,0,1,0,0,0,0,0,0,0,0,0,0,0,0,0.0,0.0
28,28,10,52,41,0,0,0,1,0,0,0,0,0,0,0,0,0,0,0,0,0.0,0.0
1,1,52,41,21,1,0,0,0,1,0,0,10,6,1,0,5,-56,26,0,24,2.0,0.0
2,2,41,21,22,0,0,0,1,0,0,0,0,0,0,0,0,0,0,0,0,0.0,0.0
3,3,21,22,21,0,0,0,1,0,0,0,0,0,0,0,0,0,0,0,0,0.0,0.0
4,4,22,21,56,1,0,0,1,0,0,0,0,0,0,0,0,0,0,0,0,0.0,0.0
5,5,21,56,32,0,0,0,0,0,0,0,0,0,0,0,0,0,0,0,0,0.0,0.0
6,6,56,32,3,0,0,0,0,0,0,0,19,0,5,35,30,0,24,7,14,10.0,0.0
7,7,32,3,32,0,0,1,1,0,0,0,0,0,0,0,0,0,0,0,0,0.0,0.0
8,8,3,32,14,0,0,0,0,0,0,0,10,0,4,20,16,-18,14,7,29,15.0,0.0
9,9,32,14,18,0,0,1,0,0,0,0,0,0,0,0,0,0,0,0,0,0.0,0.0
10,10,14,18,21,0,0,0,0,0,0,0,0,0,0,0,0,0,0,0,0,0.0,0.0
11,11,18,21,14,1,0,0,1,0,0,0,0,0,0,0,0,0,0,0,0,0.0,0.0
12,12,21,14,21,0,0,0,0,0,0,0,0,0,0,0,0,0,0,0,0,0.0,0.0
13,13,14,21,63,0,0,0,1,0,0,0,0,0,0,0,0,0,0,0,0,0.0,0.0
14,14,21,63,40,0,0,0,0,0,0,0,0,0,0,0,0,0,0,0,0,0.0,0.0
15,15,63,40,54,0,0,0,0,0,0,0,0,0,0,0,0,0,18,2,30,12.0,0.0
16,16,40,54,21,0,0,0,0,0,0,0,0,0,0,0,0,0,0,0,0,0.0,0.0
17,17,54,21,22,0,0,0,1,0,0,0,0,0,0,0,0,0,0,0,0,0.0,0.0
18,18,21,22,21,0,0,0,0,0,0,0,0,0,0,0,0,0,0,0,0,0.0,0.0
19,19,22,21,21,0,0,0,1,0,0,1,0,0,0,0,0,0,0,0,0,0.0,0.0
20,20,21,21,21,0,0,0,1,0,0,0,0,0,0,0,0,0,0,0,0,0.0,0.0
21,21,21,21,41,0,0,0,1,0,0,1,0,0,0,0,0,0,0,0,0,0.0,0.0
1,1,21,41,29,1,0,0,0,1,0,0,10,6,1,0,5,-56,26,0,24,2.0,0.0
2,2,41,29,55,0,0,0,0,0,0,0,10,4,3,2,1,-24,37,4,9,28.0,0.0
3,3,29,55,40,0,0,0,0,0,0,0,0,0,0,0,0,0,0,0,0,0.0,0.0
4,4,55,40,50,0,0,0,0,0,0,0,10,7,2,0,5,-42,29,1,20,9.0,0.0
5,5,40,50,54,0,0,0,0,0,0,0,0,0,0,0,0,0,0,0,0,0.0,0.0
6,6,50,54,30,0,0,0,0,0,0,0,0,0,0,0,0,0,0,0,0,0.0,0.0
7,7,54,30,47,1,0,0,0,1,0,0,10,5,2,0,3,-34,20,4,26,6.0,0.0
8,8,30,47,14,0,0,0,0,0,0,0,0,0,0,0,0,0,0,0,0,0.0,0.0
9,9,47,14,40,0,0,0,0,0,0,0,0,0,0,0,0,0,0,0,0,0.0,0.0
10,10,14,40,32,0,0,0,0,1,0,1,0,0,0,0,0,0,21,5,24,3.0,0.0
11,11,40,32,59,1,0,0,0,1,0,0,0,0,0,0,0,0,20,3,27,7.0,0.0
12,12,32,59,56,0,0,0,0,0,0,0,0,0,0,0,0,0,0,0,0,0.0,0.0
13,13,59,56,50,0,0,0,0,0,0,0,0,0,0,0,0,0,0,0,0,0.0,0.0
14,14,56,50,51,0,0,0,0,0,0,0,0,0,0,0,0,0,0,0,0,0.0,0.0
15,15,50,51,22,0,0,0,0,0,0,0,0,0,0,0,0,0,0,0,0,0.0,0.0
16,16,51,22,18,0,0,0,0,0,0,0,0,0,0,0,0,0,0,0,0,0.0,0.0
17,17,22,18,51,0,0,1,0,0,0,0,0,0,0,0,0,0,0,0,0,0.0,0.0
18,18,18,51,29,0,0,0,0,0,0,0,0,0,0,0,0,0,0,0,0,0.0,0.0
19,19,51,29,0,0,0,0,0,0,0,0,10,4,3,0,1,-28,40,1,9,31.0,0.0
1,1,0,30,29,1,0,0,0,1,0,0,10,0,9,0,9,46,36,2,12,24.0,0.0
2,2,30,29,32,0,0,0,0,0,0,0,10,0,4,2,2,-2,16,6,28,12.0,0.0
3,3,29,32,56,0,0,0,0,0,0,0,10,3,1,0,2,-46,25,1,24,1.0,0.0
4,4,32,56,44,0,0,0,0,0,0,0,0,0,0,0,0,0,0,0,0,0.0,0.0
5,5,56,44,57,0,0,0,0,0,0,0,0,0,0,0,0,0,0,0,0,0.0,0.0
6,6,44,57,21,0,0,0,0,0,0,0,0,0,0,0,0,0,0,0,0,0.0,0.0
7,7,57,21,52,1,0,0,1,0,0,0,0,0,0,0,0,0,0,0,0,0.0,0.0
8,8,21,52,0,0,0,0,1,0,0,0,0,0,0,0,0,0,0,0,0,0.0,0.0
1,1,0,29,54,0,0,0,0,1,0,1,0,0,0,0,0,0,19,0,31,12.0,0.0
2,2,29,54,22,0,0,0,0,1,0,1,0,0,0,0,0,0,0,0,0,0.0,0.0
3,3,54,22,40,0,0,0,0,1,0,1,0,0,0,0,0,0,0,0,0,0.0,0.0
4,4,22,40,50,0,0,0,0,1,0,1,10,5,0,1,4,-56,28,1,21,7.0,0.0
5,5,40,50,30,0,0,0,0,1,0,1,0,0,0,0,0,0,0,0,0,0.0,0.0
6,6,50,30,30,0,0,0,0,1,0,1,0,0,0,0,0,0,20,2,28,8.0,0.0
7,7,30,30,29,0,0,0,0,1,0,1,0,0,0,0,0,0,23,4,23,0.0,0.0
8,8,30,29,53,0,0,0,0,1,0,1,0,0,0,0,0,0,17,0,28,11.0,0.0
1,1,29,53,40,0,0,0,1,0,0,0,0,0,0,0,0,0,0,0,0,0.0,0.0
2,2,53,40,58,1,0,1,0,1,0,1,10,2,2,0,0,-44,20,0,20,0.0,0.0
3,3,40,58,40,0,0,0,0,0,0,0,0,0,0,0,0,0,0,0,0,0.0,0.0
4,4,58,40,30,0,0,0,0,0,0,0,10,6,1,0,5,-44,15,0,35,20.0,0.0
5,5,40,30,9,1,0,0,0,1,0,0,19,5,0,0,5,-64,17,3,25,8.0,0.0
6,6,30,9,22,0,0,1,1,0,0,0,0,0,0,0,0,0,0,0,0,0.0,0.0
7,7,9,22,40,1,0,0,0,1,0,0,0,0,0,0,0,0,0,0,0,0.0,0.0
8,8,22,40,58,0,0,0,0,0,0,0,0,0,0,0,0,0,21,3,26,5.0,0.0
9,9,40,58,54,0,0,0,1,0,0,0,0,0,0,0,0,0,0,0,0,0.0,0.0
10,10,58,54,29,0,0,0,0,0,0,0,0,0,0,0,0,0,0,0,0,0.0,0.0
11,11,54,29,14,0,0,0,0,0,0,0,10,6,1,0,5,-48,17,0,33,16.0,0.0
12,12,29,14,18,0,0,0,0,0,0,0,0,0,0,0,0,0,0,0,0,0.0,0.0
13,13,14,18,29,0,0,0,0,0,0,0,0,0,0,0,0,0,0,0,0,0.0,0.0
14,14,18,29,22,0,0,0,0,0,0,0,10,1,3,0,2,-18,41,3,6,35.0,0.0
15,15,29,22,40,0,0,0,0,0,0,0,0,0,0,0,0,0,0,0,0,0.0,0.0
16,16,22,40,58,1,0,1,0,1,0,1,10,2,2,0,0,-44,20,0,20,0.0,0.0
17,17,40,58,40,0,0,0,0,0,0,0,0,0,0,0,0,0,0,0,0,0.0,0.0
18,18,58,40,54,0,0,0,0,0,0,0,10,6,1,0,5,-44,15,0,35,20.0,0.0
19,19,40,54,18,0,0,0,0,0,0,0,0,0,0,0,0,0,0,0,0,0.0,0.0
20,20,54,18,51,0,0,1,0,0,0,0,0,0,0,0,0,0,0,0,0,0.0,0.0
21,21,18,51,30,1,0,0,0,1,0,0,0,0,0,0,0,0,0,0,0,0.0,0.0
22,22,51,30,7,1,0,0,0,1,0,0,10,0,9,0,9,60,40,0,10,30.0,0.0
23,23,30,7,14,0,0,1,1,0,0,0,0,0,0,0,0,0,0,0,0,0.0,0.0
24,24,7,14,40,0,0,0,0,0,0,0,0,0,0,0,0,0,0,0,0,0.0,0.0
25,25,14,40,58,1,0,1,0,1,0,1,10,2,2,0,0,-44,20,0,20,0.0,0.0
26,26,40,58,40,0,0,0,0,0,0,0,0,0,0,0,0,0,0,0,0,0.0,0.0
27,27,58,40,28,0,0,0,0,0,0,0,0,0,0,0,0,0,21,3,26,5.0,0.0
28,28,40,28,8,0,0,0,0,0,0,0,0,0,0,0,0,0,0,0,0,0.0,0.0
29,29,28,8,0,0,0,1,1,0,0,0,0,0,0,0,0,0,0,0,0,0.0,0.0
1,1,0,48,53,0,0,0,0,1,0,1,0,0,0,0,0,0,0,0,0,0.0,0.0
2,2,48,53,10,0,0,0,1,0,0,0,0,0,0,0,0,0,0,0,0,0.0,0.0
3,3,53,10,44,0,0,1,1,0,0,0,0,0,0,0,0,0,0,0,0,0.0,0.0
4,4,10,44,24,0,0,0,0,0,0,0,0,0,0,0,0,0,0,0,0,0.0,0.0
5,5,44,24,22,0,0,0,0,0,0,0,0,0,0,0,0,0,0,0,0,0.0,0.0
6,6,24,22,40,0,0,0,0,0,0,0,0,0,0,0,0,0,0,0,0,0.0,0.0
7,7,22,40,32,1,0,1,0,1,0,1,10,9,1,0,8,-60,27,1,22,5.0,0.0
8,8,40,32,50,0,0,0,0,0,0,0,10,0,1,9,8,-48,18,0,32,14.0,0.0
9,9,32,50,54,0,0,0,0,0,0,0,0,0,0,0,0,0,0,0,0,0.0,0.0
10,10,50,54,41,0,0,0,0,0,0,0,0,0,0,0,0,0,0,0,0,0.0,0.0
11,11,54,41,24,0,0,0,0,0,0,0,10,8,0,0,8,-68,14,1,15,1.0,0.0
12,12,41,24,29,0,0,0,0,0,0,0,0,0,0,0,0,0,0,0,0,0.0,0.0
13,13,24,29,30,0,0,0,0,0,0,0,10,5,2,1,3,-50,23,0,27,4.0,0.0
14,14,29,30,9,0,0,0,0,0,0,0,10,1,2,3,1,-44,20,0,30,10.0,0.0
15,15,30,9,54,0,0,1,1,0,0,0,0,0,0,0,0,0,0,0,0,0.0,0.0
16,16,9,54,24,0,0,0,0,0,0,0,0,0,0,0,0,0,0,0,0,0.0,0.0
17,17,54,24,40,0,0,0,0,0,0,0,0,0,0,0,0,0,0,0,0,0.0,0.0
18,18,24,40,55,0,0,0,0,0,0,0,10,0,1,0,1,-46,10,14,26,12.0,0.0
19,19,40,55,51,0,0,0,0,0,0,0,0,0,0,0,0,0,0,0,0,0.0,0.0
20,20,55,51,52,0,0,0,1,0,0,0,0,0,0,0,0,0,0,0,0,0.0,0.0
21,21,51,52,15,0,0,0,1,0,0,0,0,0,0,0,0,0,0,0,0,0.0,0.0
1,1,52,15,40,0,0,0,1,0,0,0,0,0,0,0,0,0,0,0,0,0.0,0.0
2,2,15,40,54,1,0,1,0,1,0,1,10,2,2,0,0,-44,20,0,20,0.0,0.0
3,3,40,54,51,0,0,0,0,0,0,0,0,0,0,0,0,0,0,0,0,0.0,0.0
4,4,54,51,29,0,0,0,0,0,0,0,0,0,0,0,0,0,0,0,0,0.0,0.0
5,5,51,29,0,0,0,0,0,0,0,0,10,6,1,0,5,-48,17,0,33,16.0,0.0
1,1,0,15,24,0,1,1,0,0,0,0,0,0,0,0,0,0,0,0,0,0.0,0.0
2,2,15,24,6,0,0,0,0,0,0,0,0,0,0,0,0,0,0,0,0,0.0,0.0
3,3,24,6,15,0,0,1,1,0,0,0,0,0,0,0,0,0,0,0,0,0.0,0.0
4,4,6,15,58,0,1,1,0,0,0,0,0,0,0,0,0,0,0,0,0,0.0,0.0
5,5,15,58,22,0,0,0,0,0,0,0,0,0,0,0,0,0,0,0,0,0.0,0.0
6,6,58,22,30,0,0,0,0,0,0,0,0,0,0,0,0,0,0,0,0,0.0,0.0
7,7,22,30,29,1,0,0,0,1,0,0,10,0,10,0,10,66,15,15,20,5.0,0.0
8,8,30,29,56,0,0,0,0,0,0,0,10,0,8,0,8,52,26,19,5,7.0,0.0
9,9,29,56,52,0,0,0,0,0,0,0,0,0,0,0,0,0,0,0,0,0.0,0.0
10,10,56,52,0,0,0,0,1,0,0,0,0,0,0,0,0,0,0,0,0,0.0,0.0
1,1,0,48,53,0,0,0,0,1,0,1,0,0,0,0,0,0,0,0,0,0.0,0.0
2,2,48,53,10,0,0,0,1,0,0,0,0,0,0,0,0,0,0,0,0,0.0,0.0
3,3,53,10,51,0,0,1,1,0,0,0,0,0,0,0,0,0,0,0,0,0.0,0.0
4,4,10,51,30,0,0,0,1,0,0,0,0,0,0,0,0,0,0,0,0,0.0,0.0
5,5,51,30,29,1,0,0,0,1,0,0,10,3,6,0,3,2,34,3,13,21.0,0.0
6,6,30,29,51,1,0,0,0,1,0,0,20,5,1,0,4,-66,12,0,33,21.0,0.0
7,7,29,51,48,0,0,0,1,0,0,0,0,0,0,0,0,0,0,0,0,0.0,0.0
8,8,51,48,14,0,0,0,0,1,0,1,0,0,0,0,0,0,0,0,0,0.0,0.0
9,9,48,14,54,0,0,0,0,0,0,0,0,0,0,0,0,0,0,0,0,0.0,0.0
10,10,14,54,22,0,0,0,0,0,0,0,0,0,0,0,0,0,0,0,0,0.0,0.0
11,11,54,22,18,0,0,0,0,0,0,0,0,0,0,0,0,0,0,0,0,0.0,0.0
12,12,22,18,29,0,0,1,0,0,0,0,0,0,0,0,0,0,0,0,0,0.0,0.0
13,13,18,29,50,0,0,0,0,0,0,0,10,4,1,0,3,-58,23,0,27,4.0,0.0
14,14,29,50,54,0,0,0,0,0,0,0,0,0,0,0,0,0,0,0,0,0.0,0.0
15,15,50,54,9,0,0,0,0,0,0,0,0,0,0,0,0,0,0,0,0,0.0,0.0
16,16,54,9,7,0,0,1,1,0,0,0,0,0,0,0,0,0,0,0,0,0.0,0.0
17,17,9,7,30,0,0,1,1,0,0,0,0,0,0,0,0,0,0,0,0,0.0,0.0
18,18,7,30,57,1,0,0,0,1,0,0,10,4,2,2,2,-44,17,0,33,16.0,0.0
19,19,30,57,30,0,0,0,0,0,0,0,0,0,0,0,0,0,0,0,0,0.0,0.0
20,20,57,30,15,1,0,0,0,1,0,0,10,1,7,1,6,34,29,4,17,12.0,0.0
21,21,30,15,30,0,1,1,0,0,0,0,0,0,0,0,0,0,0,0,0,0.0,0.0
22,22,15,30,8,1,0,0,0,1,0,0,10,5,0,0,5,-72,40,1,9,31.0,0.0
23,23,30,8,52,0,0,1,1,0,0,0,0,0,0,0,0,0,0,0,0,0.0,0.0
24,24,8,52,0,0,0,0,1,0,0,0,0,0,0,0,0,0,0,0,0,0.0,0.0
1,1,0,21,10,1,0,0,1,0,0,0,0,0,0,0,0,0,0,0,0,0.0,0.0
2,2,21,10,15,0,0,1,1,0,1,0,0,0,0,0,0,0,0,0,0,0.0,0.0
3,3,10,15,30,0,1,0,0,0,0,0,0,0,0,0,0,0,0,0,0,0.0,0.0
4,4,15,30,29,0,0,0,0,1,0,1,0,0,0,0,0,0,36,1,8,28.0,0.0
5,5,30,29,30,1,0,0,0,1,0,0,10,2,6,0,4,24,25,0,25,0.0,0.0
6,6,29,30,10,1,0,0,0,1,0,0,10,0,10,1,9,70,21,4,25,4.0,0.0
7,7,30,10,15,0,0,1,1,0,1,0,0,0,0,0,0,0,0,0,0,0.0,0.0
8,8,10,15,32,0,1,1,0,0,0,0,0,0,0,0,0,0,0,0,0,0.0,0.0
9,9,15,32,10,0,0,0,0,0,0,0,10,1,0,0,1,-66,34,6,10,24.0,0.0
10,10,32,10,30,0,0,1,1,0,1,0,0,0,0,0,0,0,0,0,0,0.0,0.0
11,11,10,30,9,1,0,0,0,1,0,0,0,0,0,0,0,0,17,3,15,2.0,0.0
12,12,30,9,15,0,0,1,1,0,0,0,0,0,0,0,0,0,0,0,0,0.0,0.0
13,13,9,15,6,0,1,0,0,0,0,0,0,0,0,0,0,0,0,0,0,0.0,0.0
14,14,15,6,30,0,0,1,1,0,0,0,0,0,0,0,0,0,0,0,0,0.0,0.0
15,15,6,30,30,1,0,0,0,1,0,0,0,0,0,0,0,0,26,1,23,3.0,0.0
16,16,30,30,10,1,0,1,0,1,0,1,10,8,1,0,7,-64,21,3,26,5.0,0.0
17,17,30,10,30,0,0,1,1,0,0,0,0,0,0,0,0,0,0,0,0,0.0,0.0
18,18,10,30,15,0,0,1,1,0,0,0,10,9,0,0,9,-74,0,0,0,0.0,0.0
19,19,30,15,9,0,0,0,1,0,0,0,0,0,0,0,0,0,0,0,0,0.0,0.0
20,20,15,9,15,0,0,1,1,0,0,0,0,0,0,0,0,0,0,0,0,0.0,0.0
21,21,9,15,29,1,0,0,0,0,0,0,0,0,0,0,0,0,0,0,0,0.0,0.0
22,22,15,29,10,1,0,0,0,1,0,0,10,2,4,0,2,-10,25,2,23,2.0,0.0
23,23,29,10,30,0,0,1,1,0,0,0,0,0,0,0,0,0,0,0,0,0.0,0.0
24,24,10,30,30,1,0,0,0,1,0,0,10,5,2,0,3,-34,20,4,26,6.0,0.0
25,25,30,30,10,1,0,0,1,1,1,0,0,0,0,0,0,0,33,3,14,19.0,0.0
26,26,30,10,52,0,0,0,1,0,0,0,0,0,0,0,0,0,0,0,0,0.0,0.0
27,27,10,52,21,0,0,0,1,0,0,0,0,0,0,0,0,0,0,0,0,0.0,0.0
28,28,52,21,0,0,0,0,1,0,0,0,0,0,0,0,0,0,0,0,0,0.0,0.0
1,1,0,54,50,1,0,0,0,1,0,0,0,0,0,0,0,0,0,0,0,0.0,0.0
2,2,54,50,3,0,0,0,0,0,0,0,0,0,0,0,0,0,0,0,0,0.0,0.0
3,3,50,3,18,0,0,1,1,0,0,0,0,0,0,0,0,0,0,0,0,0.0,0.0
4,4,3,18,24,1,0,0,0,1,0,0,0,0,0,0,0,0,0,0,0,0.0,0.0
5,5,18,24,32,1,0,0,0,1,0,0,0,0,0,0,0,0,0,0,0,0.0,0.0
6,6,24,32,22,1,0,0,0,1,0,0,20,1,1,8,7,-40,11,2,32,21.0,0.0
7,7,32,22,21,1,0,0,0,1,0,0,0,0,0,0,0,0,0,0,0,0.0,0.0
8,8,22,21,3,1,0,0,1,0,0,0,0,0,0,0,0,0,0,0,0,0.0,0.0
9,9,21,3,22,0,0,1,1,0,0,0,0,0,0,0,0,0,0,0,0,0.0,0.0
10,10,3,22,30,0,0,0,0,0,0,0,0,0,0,0,0,0,0,0,0,0.0,0.0
11,11,22,30,30,1,0,0,0,1,0,0,20,0,2,7,5,-32,18,10,17,1.0,0.0
12,12,30,30,30,1,0,0,0,1,0,0,19,0,6,1,5,8,21,5,24,3.0,0.0
13,13,30,30,59,1,0,0,0,1,0,0,20,0,4,7,3,-12,14,6,15,1.0,0.0
14,14,30,59,50,0,0,0,0,0,0,0,0,0,0,0,0,0,0,0,0,0.0,0.0
15,15,59,50,30,0,0,0,0,0,0,0,0,0,0,0,0,0,0,0,0,0.0,0.0
16,16,50,30,30,1,0,0,0,1,0,0,10,1,3,1,2,-30,7,0,43,36.0,0.0
17,17,30,30,22,1,0,0,0,1,0,0,0,0,0,0,0,0,14,0,36,22.0,0.0
18,18,30,22,53,0,0,0,0,0,0,0,0,0,0,0,0,0,0,0,0,0.0,0.0
19,19,22,53,21,0,0,0,1,0,0,0,0,0,0,0,0,0,0,0,0,0.0,0.0
20,20,53,21,52,0,0,0,1,0,0,0,0,0,0,0,0,0,0,0,0,0.0,0.0
21,21,21,52,0,0,0,0,1,0,0,0,0,0,0,0,0,0,0,0,0,0.0,0.0
1,1,0,18,30,1,0,0,0,1,0,0,0,0,0,0,0,0,0,0,0,0.0,0.0
2,2,18,30,30,1,0,0,0,1,0,0,10,0,9,0,9,64,18,18,14,0.0,0.0
3,3,30,30,56,1,0,0,0,1,0,0,0,0,0,0,0,0,37,5,8,29.0,0.0
4,4,30,56,59,0,0,0,0,0,0,0,0,0,0,0,0,0,0,0,0,0.0,0.0
5,5,56,59,18,0,0,0,0,0,0,0,0,0,0,0,0,0,0,0,0,0.0,0.0
6,6,59,18,24,0,0,0,0,0,0,0,0,0,0,0,0,0,0,0,0,0.0,0.0
7,7,18,24,30,0,0,0,0,0,0,0,0,0,0,0,0,0,0,0,0,0.0,0.0
8,8,24,30,56,0,0,0,0,0,0,0,0,0,0,0,0,0,18,9,18,0.0,0.0
9,9,30,56,29,0,0,0,0,0,0,0,0,0,0,0,0,0,0,0,0,0.0,0.0
10,10,56,29,14,0,0,0,0,0,0,0,10,9,0,0,9,-74,26,0,24,2.0,0.0
11,11,29,14,18,0,0,0,0,0,0,0,0,0,0,0,0,0,0,0,0,0.0,0.0
12,12,14,18,15,0,0,0,0,0,0,0,0,0,0,0,0,0,0,0,0,0.0,0.0
13,13,18,15,18,0,0,0,0,0,0,0,0,0,0,0,0,0,0,0,0,0.0,0.0
14,14,15,18,29,0,0,0,0,0,0,0,0,0,0,0,0,0,0,0,0,0.0,0.0
15,15,18,29,52,0,0,0,0,0,0,0,10,3,3,0,0,-30,31,1,18,13.0,0.0
16,16,29,52,40,0,0,0,1,0,0,0,0,0,0,0,0,0,0,0,0,0.0,0.0
1,1,52,40,54,1,0,1,0,1,0,1,10,2,2,0,0,-44,20,0,20,0.0,0.0
2,2,40,54,57,0,0,0,0,0,0,0,0,0,0,0,0,0,0,0,0,0.0,0.0
3,3,54,57,22,0,0,0,0,0,0,0,0,0,0,0,0,0,0,0,0,0.0,0.0
4,4,57,22,30,0,0,0,0,0,0,0,0,0,0,0,0,0,0,0,0,0.0,0.0
5,5,22,30,22,1,0,0,0,1,0,0,10,8,0,0,8,-60,17,1,32,15.0,0.0
6,6,30,22,15,0,0,0,0,0,0,0,0,0,0,0,0,0,0,0,0,0.0,0.0
7,7,22,15,32,0,1,1,0,0,0,0,0,0,0,0,0,0,0,0,0,0.0,0.0
8,8,15,32,14,0,0,0,0,0,0,0,10,1,5,7,2,8,23,0,27,4.0,0.0
9,9,32,14,15,0,0,0,0,0,0,0,0,0,0,0,0,0,0,0,0,0.0,0.0
10,10,14,15,32,0,1,1,0,0,0,0,0,0,0,0,0,0,0,0,0,0.0,0.0
11,11,15,32,7,0,0,0,0,0,0,0,10,3,0,0,3,-44,30,1,19,11.0,0.0
12,12,32,7,22,0,0,1,1,0,0,0,0,0,0,0,0,0,0,0,0,0.0,0.0
13,13,7,22,15,0,0,0,0,0,0,0,0,0,0,0,0,0,0,0,0,0.0,0.0
14,14,22,15,30,0,1,0,0,0,0,0,0,0,0,0,0,0,0,0,0,0.0,0.0
15,15,15,30,15,1,0,0,0,1,0,0,10,5,0,0,5,-72,40,1,9,31.0,0.0
16,16,30,15,8,0,1,0,0,0,0,0,0,0,0,0,0,0,0,0,0,0.0,0.0
17,17,15,8,9,0,0,1,1,0,0,0,0,0,0,0,0,0,0,0,0,0.0,0.0
18,18,8,9,14,0,0,1,1,0,0,0,0,0,0,0,0,0,0,0,0,0.0,0.0
19,19,9,14,40,1,0,0,0,1,0,0,0,0,0,0,0,0,0,0,0,0.0,0.0
20,20,14,40,9,0,0,0,0,0,0,0,10,6,1,0,5,-44,15,0,35,20.0,0.0
21,21,40,9,52,0,0,1,1,0,0,0,0,0,0,0,0,0,0,0,0,0.0,0.0
22,22,9,52,48,0,0,0,1,0,0,0,0,0,0,0,0,0,0,0,0,0.0,0.0
1,1,52,48,53,0,0,0,0,1,0,1,0,0,0,0,0,0,0,0,0,0.0,0.0
2,2,48,53,10,0,0,0,1,0,0,0,0,0,0,0,0,0,0,0,0,0.0,0.0
3,3,53,10,55,0,0,1,1,0,0,0,0,0,0,0,0,0,0,0,0,0.0,0.0
4,4,10,55,18,1,0,0,0,1,0,0,0,0,0,0,0,0,0,0,0,0.0,0.0
5,5,55,18,29,0,0,0,0,0,0,0,0,0,0,0,0,0,0,0,0,0.0,0.0
6,6,18,29,22,0,0,0,0,0,0,0,10,1,7,2,5,16,30,0,20,10.0,0.0
7,7,29,22,18,0,0,0,0,0,0,0,0,0,0,0,0,0,0,0,0,0.0,0.0
8,8,22,18,54,0,0,1,0,0,0,0,0,0,0,0,0,0,0,0,0,0.0,0.0
9,9,18,54,55,0,0,0,0,0,0,0,0,0,0,0,0,0,0,0,0,0.0,0.0
10,10,54,55,51,0,0,0,0,0,0,0,0,0,0,0,0,0,0,0,0,0.0,0.0
11,11,55,51,22,1,0,0,0,1,0,0,0,0,0,0,0,0,0,0,0,0.0,0.0
12,12,51,22,30,0,0,0,0,0,0,0,0,0,0,0,0,0,0,0,0,0.0,0.0
13,13,22,30,24,1,0,0,0,1,0,0,10,6,0,0,6,-64,0,0,50,50.0,0.0
14,14,30,24,9,0,0,0,0,0,0,0,0,0,0,0,0,0,0,0,0,0.0,0.0
15,15,24,9,21,0,0,1,1,0,0,0,0,0,0,0,0,0,0,0,0,0.0,0.0
16,16,9,21,18,1,0,0,1,0,0,0,0,0,0,0,0,0,0,0,0,0.0,0.0
1,1,21,18,3,1,0,0,0,1,0,0,0,0,0,0,0,0,0,0,0,0.0,0.0
2,2,18,3,30,0,0,1,1,0,0,0,0,0,0,0,0,0,0,0,0,0.0,0.0
3,3,3,30,24,0,0,1,0,0,0,0,10,7,1,0,6,-56,35,3,12,23.0,0.0
4,4,30,24,10,0,0,0,0,0,0,0,0,0,0,0,0,0,0,0,0,0.0,0.0
5,5,24,10,54,0,0,0,1,0,0,0,0,0,0,0,0,0,0,0,0,0.0,0.0
6,6,10,54,22,1,0,0,0,1,0,0,0,0,0,0,0,0,0,0,0,0.0,0.0
7,7,54,22,18,0,0,0,0,0,0,0,0,0,0,0,0,0,0,0,0,0.0,0.0
8,8,22,18,32,0,0,0,0,0,0,0,0,0,0,0,0,0,0,0,0,0.0,0.0
9,9,18,32,22,0,0,0,0,0,0,0,10,0,4,7,3,-12,30,1,19,11.0,0.0
10,10,32,22,18,0,0,0,0,0,0,0,0,0,0,0,0,0,0,0,0,0.0,0.0
11,11,22,18,30,0,0,0,0,0,0,0,0,0,0,0,0,0,0,0,0,0.0,0.0
12,12,18,30,56,1,0,0,0,1,0,0,19,0,2,0,2,-44,20,5,25,5.0,0.0
13,13,30,56,0,0,0,0,0,0,0,0,0,0,0,0,0,0,0,0,0,0.0,0.0
1,1,0,48,53,0,0,0,0,1,0,1,0,0,0,0,0,0,0,0,0,0.0,0.0
2,2,48,53,10,1,0,0,1,0,0,0,0,0,0,0,0,0,0,0,0,0.0,0.0
3,3,53,10,30,0,0,1,1,0,0,0,0,0,0,0,0,0,0,0,0,0.0,0.0
4,4,10,30,15,1,0,0,0,1,0,0,0,0,0,0,0,0,33,3,14,19.0,0.0
5,5,30,15,6,0,1,1,0,0,0,0,0,0,0,0,0,0,0,0,0,0.0,0.0
6,6,15,6,15,0,0,1,1,0,0,0,0,0,0,0,0,0,0,0,0,0.0,0.0
7,7,6,15,30,0,1,0,0,0,0,0,0,0,0,0,0,0,0,0,0,0.0,0.0
8,8,15,30,30,0,0,0,0,1,0,1,0,0,0,0,0,0,24,0,6,18.0,0.0
9,9,30,30,15,0,0,0,0,1,0,1,18,2,1,0,1,-38,16,10,19,3.0,0.0
10,10,30,15,53,0,0,0,0,0,0,0,0,0,0,0,0,0,0,0,0,0.0,0.0
11,11,15,53,29,0,0,0,1,0,0,0,0,0,0,0,0,0,0,0,0,0.0,0.0
12,12,53,29,51,0,0,0,0,1,0,1,20,1,1,0,0,-60,27,1,22,5.0,0.0
13,13,29,51,9,0,0,0,0,0,0,0,0,0,0,0,0,0,0,0,0,0.0,0.0
14,14,51,9,21,0,0,1,1,0,0,0,0,0,0,0,0,0,0,0,0,0.0,0.0
15,15,9,21,21,1,0,0,1,0,0,0,0,0,0,0,0,0,0,0,0,0.0,0.0
16,16,21,21,21,0,0,0,1,0,0,0,0,0,0,0,0,0,0,0,0,0.0,0.0
17,17,21,21,53,1,0,0,1,0,0,0,0,0,0,0,0,0,0,0,0,0.0,0.0
18,18,21,53,52,0,0,0,1,0,0,0,0,0,0,0,0,0,0,0,0,0.0,0.0
19,19,53,52,48,0,0,0,1,0,0,0,0,0,0,0,0,0,0,0,0,0.0,0.0
1,1,52,48,53,0,0,0,0,1,0,1,0,0,0,0,0,0,0,0,0,0.0,0.0
2,2,48,53,10,0,0,0,1,0,0,0,0,0,0,0,0,0,0,0,0,0.0,0.0
3,3,53,10,63,0,0,1,1,0,0,0,0,0,0,0,0,0,0,0,0,0.0,0.0
4,4,10,63,18,1,0,0,0,1,0,0,0,0,0,0,0,0,0,0,0,0.0,0.0
5,5,63,18,29,0,0,0,0,0,0,0,0,0,0,0,0,0,0,0,0,0.0,0.0
6,6,18,29,59,0,0,0,0,0,0,0,10,1,8,2,6,52,28,4,18,10.0,0.0
7,7,29,59,54,0,0,0,0,0,0,0,0,0,0,0,0,0,0,0,0,0.0,0.0
8,8,59,54,6,0,0,0,0,0,0,0,0,0,0,0,0,0,0,0,0,0.0,0.0
9,9,54,6,51,0,0,1,1,0,0,0,0,0,0,0,0,0,0,0,0,0.0,0.0
10,10,6,51,30,0,0,0,0,0,0,0,0,0,0,0,0,0,0,0,0,0.0,0.0
11,11,51,30,28,0,0,0,0,0,0,0,20,4,2,0,2,-22,25,2,23,2.0,0.0
12,12,30,28,54,0,0,0,0,0,0,0,0,0,0,0,0,0,0,0,0,0.0,0.0
13,13,28,54,40,0,0,0,0,0,0,0,0,0,0,0,0,0,0,0,0,0.0,0.0
14,14,54,40,9,0,0,0,0,0,0,0,10,3,4,0,1,-12,25,2,23,2.0,0.0
15,15,40,9,52,0,0,1,1,0,0,0,0,0,0,0,0,0,0,0,0,0.0,0.0
16,16,9,52,48,0,0,0,1,0,0,0,0,0,0,0,0,0,0,0,0,0.0,0.0
1,1,52,48,53,0,0,0,0,1,0,1,0,0,0,0,0,0,0,0,0,0.0,0.0
2,2,48,53,10,0,0,0,1,0,0,0,0,0,0,0,0,0,0,0,0,0.0,0.0
3,3,53,10,51,0,0,1,1,0,0,0,0,0,0,0,0,0,0,0,0,0.0,0.0
4,4,10,51,15,0,0,1,1,0,0,0,0,0,0,0,0,0,0,0,0,0.0,0.0
5,5,51,15,53,0,1,0,0,0,0,0,0,0,0,0,0,0,0,0,0,0.0,0.0
6,6,15,53,58,0,0,0,1,0,0,0,0,0,0,0,0,0,0,0,0,0.0,0.0
7,7,53,58,58,0,0,0,1,0,0,0,0,0,0,0,0,0,0,0,0,0.0,0.0
8,8,58,58,18,0,0,0,0,0,0,0,0,0,0,0,0,0,0,0,0,0.0,0.0
9,9,58,18,15,0,0,1,0,0,0,0,0,0,0,0,0,0,0,0,0,0.0,0.0
10,10,18,15,29,0,0,0,0,0,0,0,0,0,0,0,0,0,0,0,0,0.0,0.0
11,11,15,29,9,0,0,0,0,0,0,0,10,4,1,0,3,-58,23,0,27,4.0,0.0
12,12,29,9,24,0,0,1,1,0,0,0,0,0,0,0,0,0,0,0,0,0.0,0.0
13,13,9,24,18,1,0,0,0,1,0,0,0,0,0,0,0,0,0,0,0,0.0,0.0
14,14,24,18,29,0,0,1,0,0,0,0,0,0,0,0,0,0,0,0,0,0.0,0.0
15,15,18,29,58,0,0,0,0,0,0,0,10,0,1,0,1,-30,17,3,30,13.0,0.0
16,16,29,58,18,0,0,0,0,0,0,0,0,0,0,0,0,0,0,0,0,0.0,0.0
17,17,58,18,18,0,0,0,0,0,0,0,0,0,0,0,0,0,0,0,0,0.0,0.0
18,18,18,18,29,0,0,0,0,0,0,0,0,0,0,0,0,0,0,0,0,0.0,0.0
19,19,18,29,47,0,0,0,0,0,0,0,10,0,6,0,6,14,39,2,9,30.0,0.0
20,20,29,47,9,0,0,0,0,0,0,0,0,0,0,0,0,0,0,0,0,0.0,0.0
21,21,47,9,21,0,0,1,1,0,0,0,0,0,0,0,0,0,0,0,0,0.0,0.0
22,22,9,21,21,0,0,0,1,0,0,0,0,0,0,0,0,0,0,0,0,0.0,0.0
23,23,21,21,51,0,0,0,1,0,0,0,0,0,0,0,0,0,0,0,0,0.0,0.0
1,1,21,51,54,1,0,0,0,1,0,0,0,0,0,0,0,0,0,0,0,0.0,0.0
2,2,51,54,18,0,0,0,0,0,0,0,0,0,0,0,0,0,0,0,0,0.0,0.0
3,3,54,18,47,0,0,0,0,0,0,0,0,0,0,0,0,0,0,0,0,0.0,0.0
4,4,18,47,52,0,0,0,0,0,0,0,0,0,0,0,0,0,0,0,0,0.0,0.0
5,5,47,52,0,0,0,0,1,0,1,0,0,0,0,0,0,0,0,0,0,0.0,0.0
1,1,0,9,53,0,0,1,1,0,0,0,0,0,0,0,0,0,0,0,0,0.0,0.0
2,2,9,53,22,0,0,0,1,0,0,1,0,0,0,0,0,0,0,0,0,0.0,0.0
3,3,53,22,21,0,0,0,0,0,0,0,0,0,0,0,0,0,0,0,0,0.0,0.0
4,4,22,21,10,0,0,0,1,0,0,0,0,0,0,0,0,0,0,0,0,0.0,0.0
5,5,21,10,40,0,0,1,1,0,0,0,0,0,0,0,0,0,0,0,0,0.0,0.0
6,6,10,40,18,1,0,0,0,1,0,0,0,0,0,0,0,0,33,3,14,19.0,0.0
7,7,40,18,24,0,0,1,0,0,0,0,0,0,0,0,0,0,0,0,0,0.0,0.0
8,8,18,24,29,0,0,0,0,0,0,0,0,0,0,0,0,0,0,0,0,0.0,0.0
9,9,24,29,52,0,0,0,0,0,0,0,18,0,3,0,3,-22,14,0,31,17.0,0.0
10,10,29,52,52,0,0,0,1,0,0,0,0,0,0,0,0,0,0,0,0,0.0,0.0
11,11,52,52,48,0,0,0,1,0,0,0,0,0,0,0,0,0,0,0,0,0.0,0.0
1,1,52,48,53,0,0,0,0,1,0,1,0,0,0,0,0,0,0,0,0,0.0,0.0
2,2,48,53,10,0,0,0,1,0,0,0,0,0,0,0,0,0,0,0,0,0.0,0.0
3,3,53,10,15,0,0,1,1,0,0,0,0,0,0,0,0,0,0,0,0,0.0,0.0
4,4,10,15,21,0,1,0,0,0,0,0,0,0,0,0,0,0,0,0,0,0.0,0.0
5,5,15,21,21,0,0,0,1,0,0,0,0,0,0,0,0,0,0,0,0,0.0,0.0
6,6,21,21,21,0,0,0,1,0,0,0,0,0,0,0,0,0,0,0,0,0.0,0.0
7,7,21,21,21,0,0,0,1,0,0,0,0,0,0,0,0,0,0,0,0,0.0,0.0
8,8,21,21,15,0,0,0,1,0,0,1,0,0,0,0,0,0,0,0,0,0.0,0.0
9,9,21,15,29,0,0,0,0,0,0,0,0,0,0,0,0,0,0,0,0,0.0,0.0
10,10,15,29,56,1,0,0,0,1,0,0,20,0,1,0,1,-52,21,4,20,1.0,0.0
11,11,29,56,22,1,0,0,0,1,0,0,0,0,0,0,0,0,0,0,0,0.0,0.0
12,12,56,22,30,0,0,0,0,0,0,0,0,0,0,0,0,0,0,0,0,0.0,0.0
13,13,22,30,6,1,0,0,0,1,0,0,20,0,8,0,8,40,11,3,36,25.0,0.0
14,14,30,6,30,0,0,1,1,0,0,0,0,0,0,0,0,0,0,0,0,0.0,0.0
15,15,6,30,52,1,0,0,0,1,0,0,10,2,1,0,1,-46,15,15,20,5.0,0.0
16,16,30,52,0,0,0,0,1,0,0,0,0,0,0,0,0,0,0,0,0,0.0,0.0
1,1,0,22,41,1,0,0,0,1,0,0,0,0,0,0,0,0,0,0,0,0.0,0.0
2,2,22,41,24,0,0,0,0,0,0,0,10,8,0,0,8,-68,14,1,15,1.0,0.0
3,3,41,24,29,0,0,0,0,0,0,0,0,0,0,0,0,0,0,0,0,0.0,0.0
4,4,24,29,29,0,0,0,0,0,0,0,0,0,0,0,0,0,11,4,35,24.0,0.0
5,5,29,29,9,0,0,0,0,0,0,0,10,0,1,0,1,-30,17,3,30,13.0,0.0
6,6,29,9,40,0,0,1,1,0,0,0,0,0,0,0,0,0,0,0,0,0.0,0.0
7,7,9,40,54,1,0,0,0,1,0,0,10,9,0,0,9,-72,24,1,25,1.0,0.0
8,8,40,54,15,0,0,0,0,0,0,0,0,0,0,0,0,0,0,0,0,0.0,0.0
9,9,54,15,45,0,0,0,0,0,0,0,0,0,0,0,0,0,0,0,0,0.0,0.0
10,10,15,45,32,0,0,0,0,0,0,0,0,0,0,0,0,0,0,0,0,0.0,0.0
11,11,45,32,22,0,0,0,0,0,0,0,10,3,2,3,0,-28,10,2,38,28.0,0.0
12,12,32,22,32,0,0,0,0,0,0,0,0,0,0,0,0,0,0,0,0,0.0,0.0
13,13,22,32,14,0,0,0,0,0,0,0,20,5,1,0,4,-50,17,3,30,13.0,0.0
14,14,32,14,40,0,0,0,0,0,0,0,0,0,0,0,0,0,0,0,0,0.0,0.0
15,15,14,40,58,1,0,1,0,1,0,1,10,2,2,0,0,-44,20,0,20,0.0,0.0
16,16,40,58,57,0,0,0,0,0,0,0,0,0,0,0,0,0,0,0,0,0.0,0.0
17,17,58,57,9,0,0,0,0,0,0,0,0,0,0,0,0,0,0,0,0,0.0,0.0
18,18,57,9,14,0,0,1,1,0,0,0,0,0,0,0,0,0,0,0,0,0.0,0.0
19,19,9,14,6,1,0,0,0,1,0,0,0,0,0,0,0,0,0,0,0,0.0,0.0
20,20,14,6,40,0,0,1,1,0,0,0,0,0,0,0,0,0,0,0,0,0.0,0.0
21,21,6,40,28,1,0,1,0,1,0,1,10,2,2,0,0,-44,20,0,20,0.0,0.0
22,22,40,28,58,0,0,0,1,0,0,0,0,0,0,0,0,0,0,0,0,0.0,0.0
23,23,28,58,41,0,0,0,0,0,0,0,0,0,0,0,0,0,0,0,0,0.0,0.0
24,24,58,41,32,0,0,0,0,0,0,0,10,8,0,0,8,-68,14,1,15,1.0,0.0
25,25,41,32,22,0,0,0,0,0,0,0,10,1,5,12,7,-8,19,1,30,11.0,0.0
26,26,32,22,18,0,0,0,0,0,0,0,0,0,0,0,0,0,0,0,0,0.0,0.0
27,27,22,18,9,0,0,0,0,0,0,0,0,0,0,0,0,0,0,0,0,0.0,0.0
28,28,18,9,52,0,0,1,1,0,0,0,0,0,0,0,0,0,0,0,0,0.0,0.0
29,29,9,52,29,0,0,0,1,0,0,0,0,0,0,0,0,0,0,0,0,0.0,0.0
1,1,52,29,9,1,0,0,0,1,0,0,20,2,2,0,0,-26,31,0,14,17.0,0.0
2,2,29,9,52,0,0,1,1,0,0,0,0,0,0,0,0,0,0,0,0,0.0,0.0
3,3,9,52,0,0,0,0,1,0,0,0,0,0,0,0,0,0,0,0,0,0.0,0.0
1,1,0,30,29,1,0,0,0,1,0,0,10,5,2,0,3,-34,20,4,26,6.0,0.0
2,2,30,29,29,0,0,0,0,0,0,0,10,5,1,0,4,-64,7,1,42,35.0,0.0
3,3,29,29,24,0,0,0,0,0,0,0,10,1,1,0,0,-46,18,7,25,7.0,0.0
4,4,29,24,9,0,0,0,0,0,0,0,0,0,0,0,0,0,0,0,0,0.0,0.0
5,5,24,9,21,0,0,1,1,0,0,0,0,0,0,0,0,0,0,0,0,0.0,0.0
6,6,9,21,21,0,0,0,1,0,0,1,0,0,0,0,0,0,0,0,0,0.0,0.0
7,7,21,21,0,0,0,0,1,0,0,0,0,0,0,0,0,0,0,0,0,0.0,0.0
1,1,0,30,32,1,0,0,0,1,0,0,10,1,4,1,3,-16,42,5,3,37.0,0.0
2,2,30,32,30,0,0,0,0,0,0,0,0,0,0,0,0,0,25,1,24,1.0,0.0
3,3,32,30,22,1,0,0,0,1,0,0,10,10,2,0,8,-44,44,1,5,39.0,0.0
4,4,30,22,29,0,0,0,0,0,0,0,0,0,0,0,0,0,0,0,0,0.0,0.0
5,5,22,29,22,0,0,0,0,0,0,0,0,0,0,0,0,0,25,0,20,5.0,0.0
6,6,29,22,32,0,0,0,0,0,0,0,0,0,0,0,0,0,0,0,0,0.0,0.0
7,7,22,32,22,0,0,0,0,0,0,0,10,3,1,0,2,-46,25,1,24,1.0,0.0
8,8,32,22,30,0,0,0,0,0,0,0,0,0,0,0,0,0,0,0,0,0.0,0.0
9,9,22,30,29,1,0,0,0,1,0,0,10,1,3,0,2,-22,27,1,22,5.0,0.0
10,10,30,29,10,0,0,0,0,0,0,0,10,5,1,0,4,-50,46,1,3,43.0,0.0
11,11,29,10,30,0,0,1,1,0,0,0,0,0,0,0,0,0,0,0,0,0.0,0.0
12,12,10,30,52,1,0,0,0,1,0,1,0,0,0,0,0,0,19,1,15,4.0,0.0
13,13,30,52,40,0,0,0,1,0,1,0,0,0,0,0,0,0,0,0,0,0.0,0.0
1,1,52,40,51,1,0,0,0,1,0,0,10,7,2,0,5,-44,16,0,34,18.0,0.0
2,2,40,51,47,0,0,0,0,0,0,0,0,0,0,0,0,0,0,0,0,0.0,0.0
3,3,51,47,41,0,0,0,0,0,0,0,0,0,0,0,0,0,0,0,0,0.0,0.0
4,4,47,41,29,0,0,0,0,0,0,0,10,8,0,0,8,-68,14,1,15,1.0,0.0
5,5,41,29,63,0,0,0,0,0,0,0,10,1,3,0,2,-18,41,3,6,35.0,0.0
6,6,29,63,18,0,0,0,0,0,0,0,0,0,0,0,0,0,0,0,0,0.0,0.0
7,7,63,18,29,0,0,0,0,0,0,0,0,0,0,0,0,0,0,0,0,0.0,0.0
8,8,18,29,58,0,0,0,0,0,0,0,10,1,8,2,6,52,28,4,18,10.0,0.0
9,9,29,58,54,0,0,0,1,0,0,0,0,0,0,0,0,0,0,0,0,0.0,0.0
10,10,58,54,48,0,0,0,0,0,0,0,0,0,0,0,0,0,0,0,0,0.0,0.0
1,1,54,48,53,0,0,0,0,1,0,1,0,0,0,0,0,0,0,0,0,0.0,0.0
2,2,48,53,10,0,0,0,1,0,0,0,0,0,0,0,0,0,0,0,0,0.0,0.0
3,3,53,10,54,0,0,1,1,0,0,0,0,0,0,0,0,0,0,0,0,0.0,0.0
4,4,10,54,24,1,0,0,0,1,0,0,0,0,0,0,0,0,0,0,0,0.0,0.0
5,5,54,24,22,0,0,0,0,0,0,0,0,0,0,0,0,0,0,0,0,0.0,0.0
6,6,24,22,30,0,0,0,0,0,0,0,0,0,0,0,0,0,0,0,0,0.0,0.0
7,7,22,30,15,1,0,0,0,1,0,0,10,1,3,0,2,-2,0,0,50,50.0,0.0
8,8,30,15,9,0,0,0,0,0,0,0,0,0,0,0,0,0,0,0,0,0.0,0.0
9,9,15,9,40,0,0,1,1,0,0,0,0,0,0,0,0,0,0,0,0,0.0,0.0
10,10,9,40,56,1,0,0,0,1,0,0,0,0,0,0,0,0,33,3,14,19.0,0.0
11,11,40,56,47,0,0,0,0,0,0,0,0,0,0,0,0,0,0,0,0,0.0,0.0
12,12,56,47,9,0,0,0,0,0,0,0,0,0,0,0,0,0,0,0,0,0.0,0.0
13,13,47,9,21,0,0,0,1,0,0,0,0,0,0,0,0,0,0,0,0,0.0,0.0
