0,13,18,1,0,0,0,1,0,0,0,0,0,0,0,0,0,0,0,0.0,0.0
13,18,17,1,0,0,0,1,0,0,0,0,0,0,0,0,20,7,23,3.0,0.0
18,17,1,1,0,0,0,1,0,0,19,0,2,3,1,-48,6,6,33,27.0,0.0
17,1,18,0,0,1,1,0,0,0,0,0,0,0,0,0,0,0,0,0.0,0.0
1,18,17,0,0,1,0,0,0,0,10,7,1,0,6,-56,35,3,12,23.0,0.0
18,17,17,1,0,0,0,1,0,0,10,1,3,0,2,-18,41,3,6,35.0,0.0
17,17,33,1,0,0,0,1,0,0,10,0,10,0,10,62,33,0,17,16.0,0.0
17,33,5,0,0,0,0,0,0,0,0,0,0,0,0,0,0,0,0,0.0,0.0
33,5,8,0,0,1,1,0,0,0,0,0,0,0,0,0,0,0,0,0.0,0.0
5,8,12,1,0,0,0,1,0,0,0,0,0,0,0,0,0,0,0,0.0,0.0
8,12,9,0,0,0,0,0,0,0,0,0,0,0,0,0,0,0,0,0.0,0.0
12,9,19,0,0,0,0,0,0,0,0,0,0,0,0,0,0,0,0,0.0,0.0
9,19,35,0,0,0,0,0,0,0,10,0,4,7,3,-12,30,1,19,11.0,0.0
19,35,32,0,0,0,0,0,0,0,0,0,0,0,0,0,0,0,0,0.0,0.0
35,32,9,0,0,0,0,0,0,0,0,0,0,0,0,0,0,0,0,0.0,0.0
32,9,13,0,0,1,0,0,0,0,0,0,0,0,0,0,0,0,0,0.0,0.0
9,13,17,0,0,0,1,0,1,0,0,0,0,0,0,0,0,0,0,0.0,0.0
13,17,5,0,0,0,0,0,0,0,10,3,1,5,2,-46,18,0,32,14.0,0.0
17,5,38,0,0,1,1,0,0,0,0,0,0,0,0,0,0,0,0,0.0,0.0
5,38,9,0,0,0,0,1,0,1,0,0,0,0,0,0,0,0,0,0.0,0.0
38,9,28,0,0,0,0,1,0,1,0,0,0,0,0,0,0,0,0,0.0,0.0
9,28,36,0,0,0,0,1,0,1,0,0,0,0,0,0,0,0,0,0.0,0.0
28,36,13,0,0,0,0,1,0,1,0,0,0,0,0,0,0,0,0,0.0,0.0
36,13,12,0,0,0,0,1,0,1,0,0,0,0,0,0,0,0,0,0.0,0.0
13,12,19,0,0,0,0,1,0,1,0,0,0,0,0,0,0,0,0,0.0,0.0
12,19,5,0,0,0,0,1,0,1,0,0,0,0,0,0,28,0,22,6.0,0.0
19,5,0,0,0,1,1,0,0,0,0,0,0,0,0,0,0,0,0,0.0,0.0
0,25,30,0,0,0,0,1,0,1,0,0,0,0,0,0,0,0,0,0.0,0.0
25,30,6,0,0,0,1,0,0,0,0,0,0,0,0,0,0,0,0,0.0,0.0
30,6,33,0,0,1,1,0,0,0,0,0,0,0,0,0,0,0,0,0.0,0.0
6,33,12,1,0,0,0,1,0,0,0,0,0,0,0,0,0,0,0,0.0,0.0
33,12,17,0,0,0,0,0,0,0,0,0,0,0,0,0,0,0,0,0.0,0.0
12,17,17,0,0,0,0,0,0,0,10,0,3,0,3,-6,44,0,6,38.0,0.0
17,17,12,0,0,0,0,0,0,0,10,6,1,0,5,-48,17,0,33,16.0,0.0
17,12,11,0,0,0,0,0,0,0,0,0,0,0,0,0,0,0,0,0.0,0.0
12,11,11,0,0,0,1,0,0,1,0,0,0,0,0,0,0,0,0,0.0,0.0
11,11,29,0,0,0,1,0,0,0,0,0,0,0,0,0,0,0,0,0.0,0.0
11,29,0,0,0,0,1,0,0,0,0,0,0,0,0,0,0,0,0,0.0,0.0
0,16,28,1,0,0,0,1,0,0,0,0,0,0,0,0,0,0,0,0.0,0.0
16,28,22,0,0,1,0,0,0,0,0,0,0,0,0,0,0,0,0,0.0,0.0
28,22,9,0,0,0,0,0,0,0,0,0,0,0,0,0,0,0,0,0.0,0.0
22,9,17,0,0,1,0,0,0,0,0,0,0,0,0,0,0,0,0,0.0,0.0
9,17,12,0,0,0,0,0,0,0,10,6,1,0,5,-56,15,0,35,20.0,0.0
17,12,21,0,0,0,0,0,0,0,0,0,0,0,0,0,0,0,0,0.0,0.0
12,21,17,0,0,0,0,0,0,0,10,8,0,1,7,-74,18,5,27,9.0,0.0
21,17,18,0,0,0,0,0,0,0,10,7,0,0,7,-56,35,0,15,20.0,0.0
17,18,18,0,0,0,0,1,0,1,19,1,3,7,4,-26,8,7,35,27.0,0.0
18,18,11,0,0,0,0,1,0,0,0,0,0,0,0,0,20,7,23,3.0,0.0
18,11,0,0,0,0,1,0,0,0,0,0,0,0,0,0,0,0,0,0.0,0.0
0,20,16,1,0,1,0,1,0,1,10,2,2,0,0,-44,20,0,20,0.0,0.0
20,16,22,0,0,0,0,0,0,0,0,0,0,0,0,0,0,0,0,0.0,0.0
16,22,35,0,0,0,0,0,0,0,0,0,0,0,0,0,0,0,0,0.0,0.0
22,35,18,0,0,0,0,0,0,0,0,0,0,0,0,0,0,0,0,0.0,0.0
35,18,17,1,0,0,0,1,0,0,10,5,0,0,5,-62,15,8,27,12.0,0.0
18,17,22,1,0,0,0,1,0,0,10,0,10,0,10,70,50,0,0,50.0,0.0
17,22,22,0,0,0,0,0,0,0,0,0,0,0,0,0,0,0,0,0.0,0.0
22,22,0,0,0,0,0,0,0,0,0,0,0,0,0,0,0,0,0,0.0,0.0
0,30,18,0,0,0,1,0,0,0,0,0,0,0,0,0,0,0,0,0.0,0.0
30,18,18,1,0,0,0,1,0,0,0,0,0,0,0,0,8,2,40,32.0,0.0
18,18,3,1,0,0,0,1,0,0,16,0,5,9,4,2,12,1,37,25.0,0.0
18,3,18,0,0,1,1,0,0,0,0,0,0,0,0,0,0,0,0,0.0,0.0
3,18,19,1,0,0,0,1,0,0,0,0,0,0,0,0,11,7,32,21.0,0.0
18,19,9,0,0,0,1,1,0,0,0,0,0,0,0,0,15,21,14,6.0,0.0
19,9,28,0,0,1,0,0,0,0,0,0,0,0,0,0,0,0,0,0.0,0.0
9,28,33,0,0,0,0,0,0,0,0,0,0,0,0,0,0,0,0,0.0,0.0
28,33,12,0,0,0,0,0,0,0,0,0,0,0,0,0,0,0,0,0.0,0.0
33,12,9,0,0,0,0,0,0,0,0,0,0,0,0,0,0,0,0,0.0,0.0
12,9,28,0,0,1,0,0,0,0,0,0,0,0,0,0,0,0,0,0.0,0.0
9,28,12,0,0,0,0,0,0,0,0,0,0,0,0,0,0,0,0,0.0,0.0
28,12,17,0,0,0,0,0,0,0,0,0,0,0,0,0,0,0,0,0.0,0.0
12,17,27,0,0,0,0,0,0,0,10,0,0,0,0,-48,15,0,35,20.0,0.0
17,27,31,0,0,0,0,0,0,0,0,0,0,0,0,0,0,0,0,0.0,0.0
27,31,17,0,0,0,0,0,0,0,0,0,0,0,0,0,0,0,0,0.0,0.0
31,17,12,0,0,0,0,0,0,0,10,5,1,0,4,-64,7,1,42,35.0,0.0
17,12,9,0,0,0,0,0,0,0,0,0,0,0,0,0,0,0,0,0.0,0.0
12,9,13,0,0,0,0,0,0,0,0,0,0,0,0,0,0,0,0,0.0,0.0
9,13,17,0,0,0,0,0,0,0,0,0,0,0,0,0,0,0,0,0.0,0.0
13,17,12,0,0,0,0,0,0,0,0,0,0,0,0,0,25,8,17,8.0,0.0
17,12,13,0,0,0,0,0,0,0,0,0,0,0,0,0,0,0,0,0.0,0.0
12,13,18,0,0,0,1,0,1,0,0,0,0,0,0,0,0,0,0,0.0,0.0
13,18,0,1,0,0,0,1,0,0,20,0,4,0,4,-14,22,16,2,6.0,0.0
0,25,30,0,0,0,0,1,0,1,0,0,0,0,0,0,0,0,0,0.0,0.0
25,30,6,0,0,0,1,0,0,0,0,0,0,0,0,0,0,0,0,0.0,0.0
30,6,18,0,0,1,1,0,0,0,0,0,0,0,0,0,0,0,0,0.0,0.0
6,18,1,1,0,0,0,1,0,0,0,0,0,0,0,0,24,5,21,3.0,0.0
18,1,17,0,0,1,1,0,0,0,0,0,0,0,0,0,0,0,0,0.0,0.0
1,17,12,0,0,0,0,0,0,0,10,1,0,5,4,-46,16,0,34,18.0,0.0
17,12,9,0,0,0,0,0,0,0,0,0,0,0,0,0,0,0,0,0.0,0.0
12,9,18,1,0,0,0,1,0,0,0,0,0,0,0,0,0,0,0,0.0,0.0
9,18,12,1,0,0,0,1,0,0,10,1,7,1,6,34,29,4,17,12.0,0.0
18,12,21,0,0,0,0,0,0,0,0,0,0,0,0,0,0,0,0,0.0,0.0
12,21,13,0,0,0,0,0,0,0,0,0,0,0,0,0,29,5,16,13.0,0.0
21,13,17,0,0,0,0,0,0,0,0,0,0,0,0,0,0,0,0,0.0,0.0
13,17,17,0,0,0,0,0,0,0,10,3,2,0,1,-34,37,3,10,27.0,0.0
17,17,1,0,0,0,0,0,0,0,10,1,0,0,1,-48,44,0,6,38.0,0.0
17,1,8,0,0,1,1,0,0,0,0,0,0,0,0,0,0,0,0,0.0,0.0
1,8,18,0,1,0,0,0,0,0,0,0,0,0,0,0,0,0,0,0.0,0.0
8,18,13,1,0,0,0,1,0,0,0,0,0,0,0,0,28,0,17,11.0,0.0
18,13,1,1,0,0,0,1,0,0,0,0,0,0,0,0,0,0,0,0.0,0.0
13,1,11,0,0,1,1,0,0,0,0,0,0,0,0,0,0,0,0,0.0,0.0
1,11,29,0,0,0,1,0,0,0,0,0,0,0,0,0,0,0,0,0.0,0.0
11,29,0,0,0,0,1,0,0,0,0,0,0,0,0,0,0,0,0,0.0,0.0
0,8,32,0,1,1,0,0,0,0,0,0,0,0,0,0,0,0,0,0.0,0.0
8,32,12,0,0,0,0,0,0,0,0,0,0,0,0,0,0,0,0,0.0,0.0
32,12,18,0,0,0,0,0,0,0,0,0,0,0,0,0,0,0,0,0.0,0.0
12,18,17,1,0,0,0,1,0,0,10,0,5,1,4,10,13,9,28,15.0,0.0
18,17,33,0,0,0,0,0,0,0,18,0,10,0,10,76,10,0,35,25.0,0.0
17,33,6,0,0,0,0,0,0,0,0,0,0,0,0,0,0,0,0,0.0,0.0
33,6,18,0,0,1,1,0,0,0,0,0,0,0,0,0,0,0,0,0.0,0.0
6,18,17,1,0,0,0,1,0,0,10,0,8,1,7,38,32,0,18,14.0,0.0
18,17,12,0,0,0,0,0,0,0,10,0,4,0,4,12,6,0,44,38.0,0.0
17,12,19,0,0,0,0,0,0,0,0,0,0,0,0,0,0,0,0,0.0,0.0
12,19,6,0,0,0,0,0,0,0,19,0,5,35,30,0,24,7,14,10.0,0.0
19,6,29,0,0,1,1,0,0,0,0,0,0,0,0,0,0,0,0,0.0,0.0
6,29,0,0,0,0,1,0,0,0,0,0,0,0,0,0,0,0,0,0.0,0.0
0,28,13,1,0,0,0,1,0,0,0,0,0,0,0,0,0,0,0,0.0,0.0
28,13,33,0,0,0,0,0,0,0,0,0,0,0,0,0,0,0,0,0.0,0.0
13,33,12,0,0,0,0,0,0,0,0,0,0,0,0,0,0,0,0,0.0,0.0
33,12,21,0,0,0,0,0,0,0,0,0,0,0,0,0,0,0,0,0.0,0.0
12,21,13,0,0,0,0,0,0,0,10,8,0,0,8,-68,14,1,15,1.0,0.0
21,13,17,0,0,0,0,0,0,0,0,0,0,0,0,0,0,0,0,0.0,0.0
13,17,12,0,0,0,0,0,0,0,10,0,4,0,4,4,15,16,19,3.0,0.0
17,12,18,0,0,0,0,0,0,0,0,0,0,0,0,0,0,0,0,0.0,0.0
12,18,5,1,0,0,0,1,0,0,10,5,0,1,4,-62,14,0,36,22.0,0.0
18,5,0,0,0,1,1,0,0,0,0,0,0,0,0,0,0,0,0,0.0,0.0
0,25,30,0,0,0,0,1,0,1,0,0,0,0,0,0,0,0,0,0.0,0.0
25,30,6,0,0,0,1,0,0,0,0,0,0,0,0,0,0,0,0,0.0,0.0
30,6,13,0,0,1,1,0,0,0,0,0,0,0,0,0,0,0,0,0.0,0.0
6,13,13,1,0,0,0,1,0,0,0,0,0,0,0,0,0,0,0,0.0,0.0
13,13,18,0,0,0,0,0,0,0,0,0,0,0,0,0,0,0,0,0.0,0.0
13,18,28,0,0,0,0,0,0,0,0,0,0,0,0,0,3,4,43,39.0,0.0
18,28,33,0,0,0,0,0,0,0,0,0,0,0,0,0,0,0,0,0.0,0.0
28,33,18,0,0,0,0,0,0,0,0,0,0,0,0,0,0,0,0,0.0,0.0
33,18,5,0,0,0,0,0,0,0,20,0,1,0,1,-30,22,1,22,0.0,0.0
18,5,11,0,0,0,1,0,0,0,0,0,0,0,0,0,0,0,0,0.0,0.0
5,11,0,0,0,0,1,0,0,0,0,0,0,0,0,0,0,0,0,0.0,0.0
0,11,18,0,0,0,1,0,0,0,0,0,0,0,0,0,0,0,0,0.0,0.0
11,18,18,0,0,0,0,0,0,0,0,0,0,0,0,0,32,7,11,21.0,0.0
18,18,33,0,0,0,0,0,0,0,0,0,0,0,0,0,7,11,27,16.0,0.0
18,33,28,0,0,0,0,0,0,0,0,0,0,0,0,0,0,0,0,0.0,0.0
33,28,8,0,0,0,0,0,0,0,0,0,0,0,0,0,0,0,0,0.0,0.0
28,8,17,0,0,0,0,0,0,0,0,0,0,0,0,0,0,0,0,0.0,0.0
8,17,18,0,0,0,0,0,0,0,10,5,2,0,3,-44,24,1,25,1.0,0.0
17,18,20,0,0,0,0,0,0,0,0,0,0,0,0,0,25,0,5,20.0,0.0
18,20,31,1,0,1,0,1,0,1,10,2,2,0,0,-44,20,0,20,0.0,0.0
20,31,12,0,0,0,0,0,0,0,0,0,0,0,0,0,0,0,0,0.0,0.0
31,12,9,0,0,0,0,0,0,0,0,0,0,0,0,0,0,0,0,0.0,0.0
12,9,17,0,0,0,0,0,0,0,0,0,0,0,0,0,0,0,0,0.0,0.0
9,17,22,0,0,0,0,0,0,0,0,0,0,0,0,0,33,4,13,20.0,0.0
17,22,9,0,0,0,0,0,0,0,0,0,0,0,0,0,0,0,0,0.0,0.0
22,9,17,0,0,0,0,0,0,0,0,0,0,0,0,0,0,0,0,0.0,0.0
9,17,5,0,0,0,0,0,0,0,10,0,10,0,10,76,14,8,28,14.0,0.0
17,5,11,0,0,1,1,0,0,0,0,0,0,0,0,0,0,0,0,0.0,0.0
5,11,0,0,0,0,1,0,0,0,0,0,0,0,0,0,0,0,0,0.0,0.0
0,18,18,1,0,0,0,1,0,0,20,3,6,0,3,-8,13,1,16,3.0,0.0
18,18,18,0,0,0,0,1,0,0,20,3,0,0,3,-36,17,0,13,4.0,0.0
18,18,8,1,0,0,0,1,0,0,10,2,6,0,4,0,20,1,29,9.0,0.0
18,8,8,1,0,0,0,1,0,1,0,0,0,0,0,0,0,0,0,0.0,0.0
8,8,1,0,0,0,1,0,0,0,0,0,0,0,0,0,0,0,0,0.0,0.0
8,1,17,0,0,1,1,0,0,0,0,0,0,0,0,0,0,0,0,0.0,0.0
1,17,6,1,0,0,0,1,0,0,20,1,0,0,1,-48,11,0,19,8.0,0.0
17,6,18,0,0,1,1,0,1,0,0,0,0,0,0,0,0,0,0,0.0,0.0
6,18,3,0,0,0,1,1,0,1,20,2,3,0,1,-36,16,2,32,16.0,0.0
18,3,18,0,0,1,1,0,0,0,0,0,0,0,0,0,0,0,0,0.0,0.0
3,18,2,1,0,0,0,1,0,0,10,1,3,1,2,-30,7,0,43,36.0,0.0
18,2,8,0,0,1,1,0,0,0,0,0,0,0,0,0,0,0,0,0.0,0.0
2,8,4,0,1,0,0,0,0,0,0,0,0,0,0,0,0,0,0,0.0,0.0
8,4,6,0,0,1,1,0,0,0,0,0,0,0,0,0,0,0,0,0.0,0.0
4,6,13,0,0,1,1,0,1,0,0,0,0,0,0,0,0,0,0,0.0,0.0
6,13,31,1,0,0,0,1,0,0,0,0,0,0,0,0,0,0,0,0.0,0.0
13,31,12,0,0,0,0,0,0,0,0,0,0,0,0,0,0,0,0,0.0,0.0
31,12,18,0,0,0,0,0,0,0,0,0,0,0,0,0,0,0,0,0.0,0.0
12,18,29,0,0,0,0,0,0,0,0,0,0,0,0,0,21,1,13,8.0,0.0
18,29,29,0,0,0,1,0,0,0,0,0,0,0,0,0,0,0,0,0.0,0.0
29,29,0,0,0,0,1,0,0,0,0,0,0,0,0,0,0,0,0,0.0,0.0
0,28,18,1,0,0,0,1,0,0,0,0,0,0,0,0,0,0,0,0.0,0.0
28,18,6,1,0,0,0,1,0,0,17,2,2,0,0,-12,19,2,19,0.0,0.0
18,6,17,0,0,1,1,0,1,0,0,0,0,0,0,0,0,0,0,0.0,0.0
6,17,18,1,0,0,0,1,0,0,16,0,9,0,9,48,17,4,19,2.0,0.0
17,18,3,0,0,0,0,1,0,1,0,0,0,0,0,0,28,4,18,10.0,0.0
18,3,18,0,0,1,1,0,0,0,0,0,0,0,0,0,0,0,0,0.0,0.0
3,18,8,0,0,0,0,1,0,1,0,0,0,0,0,0,32,2,16,16.0,0.0
18,8,13,0,1,0,0,0,0,0,0,0,0,0,0,0,0,0,0,0.0,0.0
8,13,13,0,0,0,0,1,0,1,0,0,0,0,0,0,0,0,0,0.0,0.0
13,13,18,0,0,0,0,0,0,0,0,0,0,0,0,0,0,0,0,0.0,0.0
13,18,18,0,0,0,0,1,0,1,19,4,2,0,2,-24,0,0,40,40.0,0.0
18,18,18,0,0,0,0,1,0,1,0,0,0,0,0,0,29,2,19,10.0,0.0
18,18,4,0,0,0,0,1,0,1,0,0,0,0,0,0,15,2,18,3.0,0.0
18,4,17,0,0,1,1,0,0,0,0,0,0,0,0,0,0,0,0,0.0,0.0
4,17,6,1,0,0,0,1,0,0,0,0,0,0,0,0,11,2,27,16.0,0.0
17,6,17,0,0,1,1,0,0,0,0,0,0,0,0,0,0,0,0,0.0,0.0
6,17,19,1,0,0,0,1,0,0,16,0,9,0,9,48,17,4,19,2.0,0.0
17,19,10,1,0,0,0,1,0,0,0,0,0,0,0,0,20,2,28,8.0,0.0
19,10,28,1,0,0,0,1,0,0,0,0,0,0,0,0,0,0,0,0.0,0.0
10,28,6,1,0,0,0,1,0,0,0,0,0,0,0,0,0,0,0,0.0,0.0
28,6,29,0,0,0,1,0,0,0,0,0,0,0,0,0,0,0,0,0.0,0.0
6,29,18,0,0,0,1,0,0,0,0,0,0,0,0,0,0,0,0,0.0,0.0
29,18,8,1,0,0,0,1,0,0,10,1,6,0,5,18,3,1,46,43.0,0.0
18,8,2,0,1,0,0,0,0,0,0,0,0,0,0,0,0,0,0,0.0,0.0
8,2,8,0,0,1,1,0,0,0,0,0,0,0,0,0,0,0,0,0.0,0.0
2,8,12,0,1,0,0,0,0,0,0,0,0,0,0,0,0,0,0,0.0,0.0
8,12,8,0,0,0,0,0,0,0,0,0,0,0,0,0,0,0,0,0.0,0.0
12,8,18,0,0,0,1,0,0,0,0,0,0,0,0,0,0,0,0,0.0,0.0
8,18,11,0,0,0,0,1,0,1,10,9,1,0,8,-52,28,2,20,8.0,0.0
18,11,11,0,0,0,1,0,0,0,0,0,0,0,0,0,0,0,0,0.0,0.0
11,11,25,0,0,0,1,0,0,0,0,0,0,0,0,0,0,0,0,0.0,0.0
11,25,30,0,0,0,0,1,0,1,0,0,0,0,0,0,0,0,0,0.0,0.0
25,30,6,0,0,0,1,0,0,0,0,0,0,0,0,0,0,0,0,0.0,0.0
30,6,9,0,0,1,1,0,0,0,0,0,0,0,0,0,0,0,0,0.0,0.0
6,9,36,1,0,0,0,1,0,0,0,0,0,0,0,0,0,0,0,0.0,0.0
9,36,39,0,0,0,0,0,0,0,0,0,0,0,0,0,0,0,0,0.0,0.0
36,39,18,0,0,0,0,0,0,0,0,0,0,0,0,0,0,0,0,0.0,0.0
39,18,22,1,0,0,0,1,0,0,19,1,3,0,2,-18,7,16,7,9.0,0.0
18,22,32,0,0,0,0,0,0,0,0,0,0,0,0,0,0,0,0,0.0,0.0
22,32,13,0,0,0,0,0,0,0,0,0,0,0,0,0,0,0,0,0.0,0.0
32,13,7,0,0,0,0,0,0,0,0,0,0,0,0,0,0,0,0,0.0,0.0
13,7,8,0,0,0,0,0,0,0,0,0,0,0,0,0,0,0,0,0.0,0.0
7,8,12,0,1,0,0,0,0,0,0,0,0,0,0,0,0,0,0,0.0,0.0
8,12,18,0,0,0,0,0,0,0,0,0,0,0,0,0,0,0,0,0.0,0.0
12,18,5,0,0,0,0,1,0,1,0,0,0,0,0,0,22,4,24,2.0,0.0
18,5,38,0,0,1,1,0,0,0,0,0,0,0,0,0,0,0,0,0.0,0.0
5,38,9,1,0,0,0,1,0,0,0,0,0,0,0,0,0,0,0,0.0,0.0
38,9,13,0,0,1,0,0,0,0,0,0,0,0,0,0,0,0,0,0.0,0.0
9,13,5,0,0,0,0,0,0,0,0,0,0,0,0,0,0,0,0,0.0,0.0
13,5,29,0,0,1,1,0,0,0,0,0,0,0,0,0,0,0,0,0.0,0.0
5,29,19,0,0,0,1,0,0,0,0,0,0,0,0,0,0,0,0,0.0,0.0
29,19,12,1,0,0,0,1,0,0,20,0,8,0,8,48,7,8,20,12.0,0.0
19,12,13,0,0,0,0,0,0,0,0,0,0,0,0,0,0,0,0,0.0,0.0
12,13,7,0,0,0,0,0,0,0,0,0,0,0,0,0,0,0,0,0.0,0.0
13,7,17,0,0,0,0,0,0,0,0,0,0,0,0,0,0,0,0,0.0,0.0
7,17,12,0,0,0,0,0,0,0,10,4,0,0,4,-54,24,5,21,3.0,0.0
17,12,38,0,0,0,0,0,0,0,0,0,0,0,0,0,0,0,0,0.0,0.0
12,38,5,0,0,0,0,0,0,0,0,0,0,0,0,0,0,0,0,0.0,0.0
38,5,0,0,0,1,1,0,0,0,0,0,0,0,0,0,0,0,0,0.0,0.0
0,17,12,1,0,0,0,1,0,0,18,0,5,2,3,-8,10,1,29,19.0,0.0
17,12,28,0,0,0,0,0,0,0,0,0,0,0,0,0,0,0,0,0.0,0.0
12,28,2,0,0,0,0,1,0,0,0,0,0,0,0,0,0,0,0,0.0,0.0
28,2,18,0,0,1,1,0,0,0,0,0,0,0,0,0,0,0,0,0.0,0.0
2,18,12,1,0,0,0,1,0,0,0,0,0,0,0,0,23,1,11,12.0,0.0
18,12,17,0,0,0,0,0,0,0,0,0,0,0,0,0,0,0,0,0.0,0.0
12,17,29,0,0,0,0,0,0,0,0,0,0,0,0,0,25,0,20,5.0,0.0
17,29,0,0,0,0,1,0,0,0,0,0,0,0,0,0,0,0,0,0.0,0.0
0,18,19,1,0,0,0,1,0,0,0,0,0,0,0,0,17,4,14,3.0,0.0
18,19,17,1,0,0,0,1,0,0,0,0,0,0,0,0,20,2,28,8.0,0.0
19,17,19,1,0,0,0,1,0,0,0,0,0,0,0,0,28,2,20,8.0,0.0
17,19,33,1,0,0,0,1,0,0,0,0,0,0,0,0,21,3,26,5.0,0.0
19,33,17,1,0,0,0,1,0,0,0,0,0,0,0,0,0,0,0,0.0,0.0
33,17,17,1,0,0,0,1,0,0,0,0,0,0,0,0,21,3,21,0.0,0.0
17,17,6,1,0,0,0,1,0,0,0,0,0,0,0,0,23,0,22,1.0,0.0
17,6,18,0,0,1,1,0,0,0,0,0,0,0,0,0,0,0,0,0.0,0.0
6,18,2,1,0,0,0,1,0,0,0,0,0,0,0,0,17,4,14,3.0,0.0
18,2,9,0,0,1,1,0,0,0,0,0,0,0,0,0,0,0,0,0.0,0.0
2,9,13,0,0,1,0,0,0,0,0,0,0,0,0,0,0,0,0,0.0,0.0
9,13,13,0,0,0,0,0,0,0,0,0,0,0,0,0,0,0,0,0.0,0.0
13,13,17,0,0,0,0,0,0,0,0,0,0,0,0,0,0,0,0,0.0,0.0
13,17,17,0,0,0,0,0,0,0,10,1,5,0,4,0,22,5,23,1.0,0.0
17,17,2,0,0,0,0,0,0,0,0,0,0,0,0,0,43,1,6,37.0,0.0
17,2,36,0,0,1,1,0,0,0,0,0,0,0,0,0,0,0,0,0.0,0.0
2,36,31,0,0,0,0,0,0,0,0,0,0,0,0,0,0,0,0,0.0,0.0
36,31,9,0,0,0,0,0,0,0,0,0,0,0,0,0,0,0,0,0.0,0.0
31,9,6,0,0,1,0,0,0,0,0,0,0,0,0,0,0,0,0,0.0,0.0
9,6,29,0,0,0,1,0,0,0,0,0,0,0,0,0,0,0,0,0.0,0.0
6,29,0,0,0,0,1,0,0,0,0,0,0,0,0,0,0,0,0,0.0,0.0
0,18,18,1,0,0,0,1,0,0,18,0,4,0,4,-16,11,8,26,15.0,0.0
18,18,32,0,0,0,0,1,0,1,0,0,0,0,0,0,22,1,27,5.0,0.0
18,32,12,0,0,0,0,0,0,0,0,0,0,0,0,0,0,0,0,0.0,0.0
32,12,17,0,0,0,0,0,0,0,0,0,0,0,0,0,0,0,0,0.0,0.0
12,17,12,0,0,0,0,0,0,0,10,0,2,0,2,-28,11,3,36,25.0,0.0
17,12,9,0,0,0,0,0,0,0,0,0,0,0,0,0,0,0,0,0.0,0.0
12,9,33,0,0,0,0,0,0,0,0,0,0,0,0,0,0,0,0,0.0,0.0
9,33,32,0,0,0,0,0,0,0,0,0,0,0,0,0,0,0,0,0.0,0.0
33,32,12,0,0,0,0,0,0,0,0,0,0,0,0,0,0,0,0,0.0,0.0
32,12,18,0,0,0,0,0,0,0,0,0,0,0,0,0,0,0,0,0.0,0.0
12,18,31,0,0,0,0,0,0,0,0,0,0,0,0,0,23,4,23,0.0,0.0
18,31,9,0,0,0,0,0,0,0,0,0,0,0,0,0,0,0,0,0.0,0.0
31,9,19,0,0,0,0,0,0,0,0,0,0,0,0,0,0,0,0,0.0,0.0
9,19,32,0,0,0,0,0,0,0,19,0,7,9,2,26,17,0,28,11.0,0.0
19,32,33,0,0,0,0,0,0,0,0,0,0,0,0,0,0,0,0,0.0,0.0
32,33,27,0,0,0,0,0,0,0,0,0,0,0,0,0,0,0,0,0.0,0.0
33,27,31,0,0,0,0,0,0,0,0,0,0,0,0,0,0,0,0,0.0,0.0
27,31,5,0,0,0,0,0,0,0,0,0,0,0,0,0,0,0,0,0.0,0.0
31,5,18,0,0,1,1,0,0,0,0,0,0,0,0,0,0,0,0,0.0,0.0
5,18,31,1,0,0,0,1,0,0,20,0,6,1,5,26,17,8,10,7.0,0.0
18,31,9,0,0,0,0,0,0,0,0,0,0,0,0,0,0,0,0,0.0,0.0
31,9,32,0,0,0,0,0,0,0,0,0,0,0,0,0,0,0,0,0.0,0.0
9,32,23,0,0,0,0,0,0,0,0,0,0,0,0,0,0,0,0,0.0,0.0
32,23,19,0,0,0,0,0,0,0,0,0,0,0,0,0,0,0,0,0.0,0.0
23,19,0,0,0,0,0,0,0,0,0,0,0,0,0,0,22,7,21,1.0,0.0
0,18,18,1,0,0,0,1,0,0,0,0,0,0,0,0,18,4,18,0.0,0.0
18,18,1,1,0,0,0,1,0,0,0,0,0,0,0,0,19,5,26,7.0,0.0
18,1,18,0,0,1,1,0,0,0,0,0,0,0,0,0,0,0,0,0.0,0.0
1,18,15,0,0,1,0,0,0,0,10,7,1,0,6,-56,35,3,12,23.0,0.0
18,15,31,0,0,0,0,0,0,0,0,0,0,0,0,0,0,0,0,0.0,0.0
15,31,5,0,0,0,0,0,0,0,0,0,0,0,0,0,0,0,0,0.0,0.0
31,5,8,0,0,1,1,0,0,0,0,0,0,0,0,0,0,0,0,0.0,0.0
5,8,19,0,1,0,0,0,0,0,0,0,0,0,0,0,0,0,0,0.0,0.0
8,19,34,1,0,0,0,1,0,0,10,0,5,11,6,-12,30,1,19,11.0,0.0
19,34,12,1,0,0,0,1,0,0,0,0,0,0,0,0,0,0,0,0.0,0.0
34,12,33,1,0,0,0,1,0,0,0,0,0,0,0,0,0,0,0,0.0,0.0
12,33,12,1,0,0,0,1,0,0,0,0,0,0,0,0,0,0,0,0.0,0.0
33,12,18,0,0,0,0,0,0,0,0,0,0,0,0,0,0,0,0,0.0,0.0
12,18,17,1,0,0,0,1,0,0,10,0,9,0,9,54,11,8,31,20.0,0.0
18,17,29,1,0,0,0,1,0,0,18,0,10,0,10,76,15,0,30,15.0,0.0
17,29,0,0,0,0,1,0,0,0,0,0,0,0,0,0,0,0,0,0.0,0.0
0,25,30,0,0,0,0,1,0,1,0,0,0,0,0,0,0,0,0,0.0,0.0
25,30,6,0,0,0,1,0,0,0,0,0,0,0,0,0,0,0,0,0.0,0.0
30,6,33,0,0,1,1,0,0,0,0,0,0,0,0,0,0,0,0,0.0,0.0
6,33,20,1,0,0,0,1,0,0,0,0,0,0,0,0,0,0,0,0.0,0.0
33,20,8,0,0,0,0,0,0,0,0,0,0,0,0,0,33,3,9,24.0,0.0
20,8,18,0,1,0,0,0,0,0,0,0,0,0,0,0,0,0,0,0.0,0.0
8,18,8,1,0,0,0,1,0,0,10,1,3,1,2,-30,7,0,43,36.0,0.0
18,8,12,0,1,0,0,0,0,0,0,0,0,0,0,0,0,0,0,0.0,0.0
8,12,18,0,0,0,0,0,0,0,0,0,0,0,0,0,0,0,0,0.0,0.0
12,18,18,1,0,1,0,1,0,1,10,8,1,0,7,-64,21,3,26,5.0,0.0
18,18,17,1,0,0,0,1,0,0,10,0,9,0,9,46,36,2,12,24.0,0.0
18,17,12,1,0,0,0,1,0,0,0,0,0,0,0,0,26,1,23,3.0,0.0
17,12,11,0,0,0,0,0,0,0,0,0,0,0,0,0,0,0,0,0.0,0.0
12,11,11,1,0,0,1,0,0,0,0,0,0,0,0,0,0,0,0,0.0,0.0
11,11,11,1,0,0,1,0,0,0,0,0,0,0,0,0,0,0,0,0.0,0.0
11,11,11,0,0,0,1,0,0,0,0,0,0,0,0,0,0,0,0,0.0,0.0
11,11,29,1,0,0,1,0,0,0,0,0,0,0,0,0,0,0,0,0.0,0.0
11,29,11,0,0,0,1,0,0,0,0,0,0,0,0,0,0,0,0,0.0,0.0
29,11,0,1,0,0,1,0,0,0,0,0,0,0,0,0,0,0,0,0.0,0.0
0,25,30,0,0,0,0,1,0,1,0,0,0,0,0,0,0,0,0,0.0,0.0
25,30,6,0,0,0,1,0,0,0,0,0,0,0,0,0,0,0,0,0.0,0.0
30,6,32,0,0,1,1,0,0,0,0,0,0,0,0,0,0,0,0,0.0,0.0
6,32,17,1,0,0,0,1,0,0,0,0,0,0,0,0,0,0,0,0.0,0.0
32,17,22,0,0,0,0,0,0,0,10,5,0,2,3,-56,19,0,31,12.0,0.0
17,22,13,0,0,0,0,1,0,1,0,0,0,0,0,0,0,0,0,0.0,0.0
22,13,17,0,0,0,0,0,0,0,0,0,0,0,0,0,0,0,0,0.0,0.0
13,17,5,0,0,0,0,0,0,0,10,9,0,0,9,-74,26,0,24,2.0,0.0
17,5,28,0,0,1,1,0,0,0,0,0,0,0,0,0,0,0,0,0.0,0.0
5,28,17,1,0,0,0,1,0,0,0,0,0,0,0,0,0,0,0,0.0,0.0
28,17,31,0,0,0,0,0,0,0,10,6,1,0,5,-48,17,0,33,16.0,0.0
17,31,9,0,0,0,0,0,0,0,0,0,0,0,0,0,0,0,0,0.0,0.0
31,9,17,0,0,0,0,0,0,0,0,0,0,0,0,0,0,0,0,0.0,0.0
9,17,24,0,0,0,0,0,0,0,10,0,3,0,3,-16,28,3,19,9.0,0.0
17,24,12,0,0,0,0,0,0,0,0,0,0,0,0,0,0,0,0,0.0,0.0
24,12,9,0,0,0,0,0,0,0,0,0,0,0,0,0,0,0,0,0.0,0.0
12,9,13,0,0,1,0,0,0,0,0,0,0,0,0,0,0,0,0,0.0,0.0
9,13,17,0,0,0,0,0,0,0,0,0,0,0,0,0,0,0,0,0.0,0.0
13,17,17,0,0,0,0,1,0,1,10,8,0,0,8,-54,17,0,33,16.0,0.0
17,17,9,0,0,0,0,0,0,0,10,2,4,3,1,0,16,2,32,16.0,0.0
17,9,20,0,0,0,0,0,0,0,0,0,0,0,0,0,0,0,0,0.0,0.0
9,20,16,1,0,1,0,1,0,1,10,2,2,0,0,-44,20,0,20,0.0,0.0
20,16,7,0,0,0,0,0,0,0,0,0,0,0,0,0,0,0,0,0.0,0.0
16,7,16,0,0,0,0,0,0,0,0,0,0,0,0,0,0,0,0,0.0,0.0
7,16,22,0,0,0,0,0,0,0,0,0,0,0,0,0,0,0,0,0.0,0.0
16,22,31,0,0,0,0,0,0,0,0,0,0,0,0,0,0,0,0,0.0,0.0
22,31,12,0,0,0,0,0,0,0,0,0,0,0,0,0,0,0,0,0.0,0.0
31,12,28,0,0,0,0,0,0,0,0,0,0,0,0,0,0,0,0,0.0,0.0
12,28,0,0,0,0,1,0,0,0,0,0,0,0,0,0,0,0,0,0.0,0.0
0,28,11,0,0,0,1,1,0,0,0,0,0,0,0,0,0,0,0,0.0,0.0
28,11,12,0,0,0,1,0,0,0,0,0,0,0,0,0,0,0,0,0.0,0.0
11,12,8,0,0,0,0,0,0,0,0,0,0,0,0,0,0,0,0,0.0,0.0
12,8,12,0,1,1,0,0,0,0,0,0,0,0,0,0,0,0,0,0.0,0.0
8,12,13,0,0,0,0,0,0,0,0,0,0,0,0,0,0,0,0,0.0,0.0
12,13,17,0,0,0,0,0,0,0,0,0,0,0,0,0,0,0,0,0.0,0.0
13,17,24,0,0,0,0,0,0,0,10,9,0,0,9,-80,16,6,28,12.0,0.0
17,24,12,0,0,0,0,0,0,0,0,0,0,0,0,0,0,0,0,0.0,0.0
24,12,18,0,0,0,0,0,0,0,0,0,0,0,0,0,0,0,0,0.0,0.0
12,18,18,0,0,0,0,1,0,1,10,7,2,0,5,-36,32,10,8,22.0,0.0
18,18,33,1,0,0,0,1,0,0,20,0,5,0,5,6,30,0,15,15.0,0.0
18,33,7,0,0,0,0,0,0,0,0,0,0,0,0,0,0,0,0,0.0,0.0
33,7,17,0,0,0,0,0,0,0,0,0,0,0,0,0,0,0,0,0.0,0.0
7,17,1,0,0,0,0,0,0,0,18,0,5,1,4,22,6,5,29,23.0,0.0
17,1,18,0,0,1,1,0,0,0,0,0,0,0,0,0,0,0,0,0.0,0.0
1,18,18,0,0,1,0,0,0,0,10,7,1,0,6,-56,35,3,12,23.0,0.0
18,18,19,1,0,0,0,1,0,0,10,0,9,0,9,56,18,15,17,1.0,0.0
18,19,5,0,0,0,0,0,0,0,20,5,2,0,3,-46,38,0,12,26.0,0.0
19,5,30,0,0,1,1,0,0,0,0,0,0,0,0,0,0,0,0,0.0,0.0
5,30,36,0,0,0,1,0,0,0,0,0,0,0,0,0,0,0,0,0.0,0.0
30,36,12,0,0,0,0,0,0,0,0,0,0,0,0,0,0,0,0,0.0,0.0
36,12,18,0,0,0,0,0,0,0,0,0,0,0,0,0,0,0,0,0.0,0.0
12,18,18,1,0,0,0,1,0,0,20,0,0,6,6,-60,14,2,24,10.0,0.0
18,18,1,1,0,0,0,1,0,0,20,1,1,9,8,-50,16,7,22,6.0,0.0
18,1,13,0,0,1,1,0,0,0,0,0,0,0,0,0,0,0,0,0.0,0.0
1,13,5,0,0,0,0,0,0,0,0,0,0,0,0,0,0,0,0,0.0,0.0
13,5,0,0,0,1,1,0,0,0,0,0,0,0,0,0,0,0,0,0.0,0.0
0,13,18,1,0,0,0,1,0,0,0,0,0,0,0,0,0,0,0,0.0,0.0
13,18,28,1,0,0,0,1,0,0,10,2,2,3,1,-42,19,0,31,12.0,0.0
18,28,17,1,0,0,0,1,0,0,0,0,0,0,0,0,0,0,0,0.0,0.0
28,17,11,0,0,0,0,0,0,0,10,7,0,0,7,-64,24,4,22,2.0,0.0
17,11,0,0,0,0,1,0,0,0,0,0,0,0,0,0,0,0,0,0.0,0.0
0,18,18,0,0,0,0,1,0,1,0,0,0,0,0,0,40,2,8,32.0,0.0
18,18,8,1,0,0,0,1,0,0,10,1,0,8,7,-60,28,4,18,10.0,0.0
18,8,2,0,1,1,0,0,0,0,0,0,0,0,0,0,0,0,0,0.0,0.0
8,2,8,0,0,1,1,0,0,0,0,0,0,0,0,0,0,0,0,0.0,0.0
2,8,8,0,1,0,0,0,0,0,0,0,0,0,0,0,0,0,0,0.0,0.0
8,8,18,0,1,0,0,0,0,0,0,0,0,0,0,0,0,0,0,0.0,0.0
8,18,17,0,0,0,0,1,0,1,0,0,0,0,0,0,24,4,12,12.0,0.0
18,17,8,1,0,0,0,1,0,0,10,1,3,0,2,-18,41,3,6,35.0,0.0
17,8,28,0,1,1,0,0,0,0,0,0,0,0,0,0,0,0,0,0.0,0.0
8,28,17,1,0,0,0,1,0,0,0,0,0,0,0,0,0,0,0,0.0,0.0
28,17,29,1,0,0,0,1,0,0,0,0,0,0,0,0,31,0,9,22.0,0.0
17,29,0,0,0,0,1,0,0,0,0,0,0,0,0,0,0,0,0,0.0,0.0
0,20,32,1,0,1,0,1,0,1,10,2,2,0,0,-44,20,0,20,0.0,0.0
20,32,9,0,0,0,0,0,0,0,0,0,0,0,0,0,0,0,0,0.0,0.0
32,9,30,0,0,1,0,0,0,0,0,0,0,0,0,0,0,0,0,0.0,0.0
9,30,17,0,0,0,1,0,0,0,0,0,0,0,0,0,0,0,0,0.0,0.0
30,17,12,0,0,0,0,0,0,0,10,5,2,1,3,-50,23,0,27,4.0,0.0
17,12,30,0,0,0,0,0,0,0,0,0,0,0,0,0,0,0,0,0.0,0.0
12,30,29,0,0,0,1,0,0,0,0,0,0,0,0,0,0,0,0,0.0,0.0
30,29,21,0,0,0,1,0,0,0,0,0,0,0,0,0,0,0,0,0.0,0.0
29,21,17,1,0,0,0,1,0,0,10,6,1,0,5,-56,26,0,24,2.0,0.0
21,17,1,1,0,0,0,1,0,0,10,1,4,7,3,-8,15,0,35,20.0,0.0
17,1,18,0,0,1,1,0,0,0,0,0,0,0,0,0,0,0,0,0.0,0.0
1,18,13,0,0,1,0,0,0,0,10,7,1,0,6,-56,35,3,12,23.0,0.0
18,13,17,0,0,0,0,0,0,0,0,0,0,0,0,0,0,0,0,0.0,0.0
13,17,28,1,0,0,0,1,0,0,10,3,3,0,0,-28,19,2,29,10.0,0.0
17,28,5,1,0,0,0,1,0,0,0,0,0,0,0,0,0,0,0,0.0,0.0
28,5,3,0,0,0,1,0,0,0,0,0,0,0,0,0,0,0,0,0.0,0.0
5,3,18,0,0,1,1,0,0,0,0,0,0,0,0,0,0,0,0,0.0,0.0
3,18,17,0,0,0,0,1,0,0,0,0,0,0,0,0,26,1,13,13.0,0.0
18,17,17,1,0,0,0,1,0,0,19,1,8,0,7,36,27,0,18,9.0,0.0
17,17,18,1,0,0,0,1,0,0,20,9,0,0,9,-58,19,3,23,4.0,0.0
17,18,4,0,0,0,0,1,0,1,20,1,1,0,0,-36,31,1,18,13.0,0.0
18,4,0,0,0,1,1,0,0,0,0,0,0,0,0,0,0,0,0,0.0,0.0
0,20,31,0,0,0,1,1,0,0,10,4,2,0,2,-58,31,3,16,15.0,0.0
20,31,22,0,0,0,0,0,0,0,0,0,0,0,0,0,0,0,0,0.0,0.0
31,22,18,0,0,0,0,0,0,0,0,0,0,0,0,0,0,0,0,0.0,0.0
22,18,17,1,0,0,0,1,0,0,10,3,2,0,1,-30,25,2,23,2.0,0.0
18,17,5,0,0,0,0,0,0,0,10,0,10,0,10,76,14,8,28,14.0,0.0
17,5,29,0,0,1,1,0,0,0,0,0,0,0,0,0,0,0,0,0.0,0.0
5,29,18,0,0,0,1,0,0,0,0,0,0,0,0,0,0,0,0,0.0,0.0
29,18,11,1,0,0,0,1,0,0,10,1,5,0,4,0,42,0,8,34.0,0.0
18,11,6,1,0,0,1,0,0,0,0,0,0,0,0,0,0,0,0,0.0,0.0
11,6,3,0,0,1,1,0,0,0,0,0,0,0,0,0,0,0,0,0.0,0.0
6,3,18,0,0,1,1,0,0,0,0,0,0,0,0,0,0,0,0,0.0,0.0
3,18,4,0,0,0,1,1,1,1,0,0,0,0,0,0,12,0,8,4.0,0.0
18,4,11,0,0,1,1,0,0,0,0,0,0,0,0,0,0,0,0,0.0,0.0
4,11,28,0,0,0,1,0,0,0,0,0,0,0,0,0,0,0,0,0.0,0.0
11,28,11,0,0,0,0,0,0,0,0,0,0,0,0,0,0,0,0,0.0,0.0
28,11,6,0,0,0,1,0,0,0,0,0,0,0,0,0,0,0,0,0.0,0.0
11,6,8,0,0,1,1,0,0,0,0,0,0,0,0,0,0,0,0,0.0,0.0
6,8,5,0,0,0,1,0,1,0,0,0,0,0,0,0,0,0,0,0.0,0.0
8,5,8,0,0,1,1,0,0,0,0,0,0,0,0,0,0,0,0,0.0,0.0
5,8,17,0,0,0,0,0,0,0,0,0,0,0,0,0,0,0,0,0.0,0.0
8,17,32,1,0,0,0,1,0,0,10,10,0,0,10,-70,24,1,25,1.0,0.0
17,32,6,1,0,0,0,1,0,0,0,0,0,0,0,0,0,0,0,0.0,0.0
32,6,0,0,0,0,1,0,0,0,0,0,0,0,0,0,0,0,0,0.0,0.0
0,25,30,0,0,0,0,1,0,1,0,0,0,0,0,0,0,0,0,0.0,0.0
25,30,11,0,0,0,1,0,0,0,0,0,0,0,0,0,0,0,0,0.0,0.0
30,11,19,0,0,0,1,0,0,1,0,0,0,0,0,0,0,0,0,0.0,0.0
11,19,17,1,0,0,1,1,0,0,0,0,0,0,0,0,29,1,20,9.0,0.0
19,17,3,1,0,0,0,1,0,0,0,0,0,0,0,0,24,0,26,2.0,0.0
17,3,28,0,0,1,1,0,0,0,0,0,0,0,0,0,0,0,0,0.0,0.0
3,28,18,1,0,0,0,1,0,0,0,0,0,0,0,0,0,0,0,0.0,0.0
28,18,4,1,0,0,0,1,0,0,14,2,4,1,2,0,2,1,42,40.0,0.0
18,4,12,0,0,1,1,0,0,0,0,0,0,0,0,0,0,0,0,0.0,0.0
4,12,17,0,0,0,0,0,0,0,0,0,0,0,0,0,0,0,0,0.0,0.0
12,17,33,0,0,0,0,0,0,0,10,0,2,0,2,-28,11,3,36,25.0,0.0
17,33,12,0,0,0,0,0,0,0,0,0,0,0,0,0,0,0,0,0.0,0.0
33,12,18,0,0,0,0,0,0,0,0,0,0,0,0,0,0,0,0,0.0,0.0
12,18,18,1,0,0,0,1,0,0,10,1,4,0,3,-12,23,0,27,4.0,0.0
18,18,17,1,0,0,0,1,0,0,20,5,0,8,3,-60,8,2,20,12.0,0.0
18,17,17,1,0,0,0,1,0,0,10,1,7,0,6,28,49,0,1,48.0,0.0
17,17,6,0,0,0,0,0,0,0,10,8,1,0,7,-56,29,8,13,16.0,0.0
17,6,33,0,0,1,1,0,0,0,0,0,0,0,0,0,0,0,0,0.0,0.0
6,33,17,0,0,0,0,0,0,0,0,0,0,0,0,0,0,0,0,0.0,0.0
33,17,30,0,0,0,0,0,0,0,10,6,0,0,6,-64,13,2,35,22.0,0.0
17,30,0,0,0,0,1,0,0,0,0,0,0,0,0,0,0,0,0,0.0,0.0
0,11,32,1,0,0,1,0,0,0,0,0,0,0,0,0,0,0,0,0.0,0.0
11,32,27,0,0,0,0,0,0,0,0,0,0,0,0,0,0,0,0,0.0,0.0
32,27,31,0,0,0,0,0,0,0,0,0,0,0,0,0,0,0,0,0.0,0.0
27,31,12,0,0,0,0,0,0,0,0,0,0,0,0,0,0,0,0,0.0,0.0
31,12,11,0,0,0,0,0,0,0,0,0,0,0,0,0,0,0,0,0.0,0.0
12,11,1,1,0,0,1,0,0,0,0,0,0,0,0,0,0,0,0,0.0,0.0
11,1,18,0,0,1,1,0,0,0,0,0,0,0,0,0,0,0,0,0.0,0.0
1,18,17,0,0,1,0,0,0,0,10,7,1,0,6,-56,35,3,12,23.0,0.0
18,17,17,1,0,0,0,1,0,0,19,2,2,0,0,-44,20,2,23,3.0,0.0
17,17,17,1,0,0,0,1,0,0,20,4,1,0,3,-64,26,0,19,7.0,0.0
17,17,17,0,0,0,0,0,0,0,10,3,0,0,3,-48,28,1,21,7.0,0.0
17,17,29,0,0,0,0,0,0,0,0,0,0,0,0,0,25,0,20,5.0,0.0
17,29,29,0,0,0,1,0,1,0,0,0,0,0,0,0,0,0,0,0.0,0.0
29,29,0,0,0,0,1,0,0,0,0,0,0,0,0,0,0,0,0,0.0,0.0
0,18,6,1,0,0,0,1,0,0,18,0,8,0,8,14,23,0,7,16.0,0.0
18,6,18,0,0,1,1,0,0,0,0,0,0,0,0,0,0,0,0,0.0,0.0
6,18,18,0,0,0,0,1,0,1,20,0,4,0,4,-6,20,0,30,10.0,0.0
18,18,8,0,0,0,0,1,0,1,20,0,4,0,4,-6,20,0,30,10.0,0.0
18,8,18,0,1,0,0,0,0,0,0,0,0,0,0,0,0,0,0,0.0,0.0
8,18,18,0,0,0,0,0,0,0,18,0,8,0,8,14,23,0,7,16.0,0.0
18,18,8,0,0,0,0,0,0,0,19,0,3,0,3,-16,31,3,16,15.0,0.0
18,8,28,0,1,1,0,0,0,0,0,0,0,0,0,0,0,0,0,0.0,0.0
8,28,17,0,0,0,0,0,0,0,0,0,0,0,0,0,0,0,0,0.0,0.0
28,17,6,0,0,0,0,0,0,0,0,0,0,0,0,0,8,40,2,32.0,0.0
17,6,18,0,0,1,1,0,0,0,0,0,0,0,0,0,0,0,0,0.0,0.0
6,18,8,0,0,1,1,0,0,0,10,9,0,0,9,-74,0,0,0,0.0,0.0
18,8,5,0,0,0,1,0,0,0,0,0,0,0,0,0,0,0,0,0.0,0.0
8,5,8,0,0,1,1,0,0,0,0,0,0,0,0,0,0,0,0,0.0,0.0
5,8,3,0,1,0,0,0,0,0,0,0,0,0,0,0,0,0,0,0.0,0.0
8,3,8,0,0,1,1,0,0,0,0,0,0,0,0,0,0,0,0,0.0,0.0
3,8,17,0,1,1,0,0,0,0,0,0,0,0,0,0,0,0,0,0.0,0.0
8,17,17,1,0,0,1,1,0,0,0,0,0,0,0,0,24,2,24,0.0,0.0
17,17,6,1,0,0,0,1,0,0,10,2,4,0,2,-10,25,2,23,2.0,0.0
17,6,18,0,0,1,1,0,0,0,0,0,0,0,0,0,0,0,0,0.0,0.0
6,18,18,1,0,0,0,1,0,0,10,5,2,0,3,-34,20,4,26,6.0,0.0
18,18,8,1,0,0,1,1,1,0,0,0,0,0,0,0,13,1,36,23.0,0.0
18,8,6,0,0,0,1,0,0,0,0,0,0,0,0,0,0,0,0,0.0,0.0
8,6,8,0,0,1,1,0,0,0,0,0,0,0,0,0,0,0,0,0.0,0.0
6,8,28,0,1,0,0,0,0,0,0,0,0,0,0,0,0,0,0,0.0,0.0
8,28,6,0,0,0,0,1,0,0,0,0,0,0,0,0,0,0,0,0.0,0.0
28,6,29,0,0,0,1,0,0,0,0,0,0,0,0,0,0,0,0,0.0,0.0
6,29,21,0,0,0,1,0,0,0,0,0,0,0,0,0,0,0,0,0.0,0.0
29,21,11,1,0,0,0,1,0,0,10,6,1,0,5,-56,26,0,24,2.0,0.0
21,11,12,0,0,0,1,0,0,0,0,0,0,0,0,0,0,0,0,0.0,0.0
11,12,11,0,0,0,1,0,0,0,0,0,0,0,0,0,0,0,0,0.0,0.0
12,11,33,1,0,0,1,0,0,0,0,0,0,0,0,0,0,0,0,0.0,0.0
11,33,19,0,0,0,0,0,0,0,0,0,0,0,0,0,0,0,0,0.0,0.0
33,19,1,0,0,0,0,0,0,0,19,0,5,35,30,0,24,7,14,10.0,0.0
19,1,19,0,0,1,1,0,0,0,0,0,0,0,0,0,0,0,0,0.0,0.0
1,19,7,0,0,0,0,0,0,0,10,0,4,20,16,-18,14,7,29,15.0,0.0
19,7,9,0,0,1,0,0,0,0,0,0,0,0,0,0,0,0,0,0.0,0.0
7,9,11,0,0,0,0,0,0,0,0,0,0,0,0,0,0,0,0,0.0,0.0
9,11,7,1,0,0,1,0,0,0,0,0,0,0,0,0,0,0,0,0.0,0.0
11,7,11,0,0,0,0,0,0,0,0,0,0,0,0,0,0,0,0,0.0,0.0
7,11,39,0,0,0,1,0,0,0,0,0,0,0,0,0,0,0,0,0.0,0.0
11,39,20,0,0,0,0,0,0,0,0,0,0,0,0,0,0,0,0,0.0,0.0
39,20,31,0,0,0,0,0,0,0,0,0,0,0,0,0,18,2,30,12.0,0.0
20,31,11,0,0,0,0,0,0,0,0,0,0,0,0,0,0,0,0,0.0,0.0
31,11,12,0,0,0,1,0,0,0,0,0,0,0,0,0,0,0,0,0.0,0.0
11,12,11,0,0,0,0,0,0,0,0,0,0,0,0,0,0,0,0,0.0,0.0
12,11,11,0,0,0,1,0,0,1,0,0,0,0,0,0,0,0,0,0.0,0.0
11,11,11,0,0,0,1,0,0,0,0,0,0,0,0,0,0,0,0,0.0,0.0
11,11,21,0,0,0,1,0,0,1,0,0,0,0,0,0,0,0,0,0.0,0.0
11,21,17,1,0,0,0,1,0,0,10,6,1,0,5,-56,26,0,24,2.0,0.0
21,17,32,0,0,0,0,0,0,0,10,4,3,2,1,-24,37,4,9,28.0,0.0
17,32,20,0,0,0,0,0,0,0,0,0,0,0,0,0,0,0,0,0.0,0.0
32,20,27,0,0,0,0,0,0,0,10,7,2,0,5,-42,29,1,20,9.0,0.0
20,27,31,0,0,0,0,0,0,0,0,0,0,0,0,0,0,0,0,0.0,0.0
27,31,18,0,0,0,0,0,0,0,0,0,0,0,0,0,0,0,0,0.0,0.0
31,18,24,1,0,0,0,1,0,0,10,5,2,0,3,-34,20,4,26,6.0,0.0
18,24,7,0,0,0,0,0,0,0,0,0,0,0,0,0,0,0,0,0.0,0.0
24,7,20,0,0,0,0,0,0,0,0,0,0,0,0,0,0,0,0,0.0,0.0
7,20,19,0,0,0,0,1,0,1,0,0,0,0,0,0,21,5,24,3.0,0.0
20,19,36,1,0,0,0,1,0,0,0,0,0,0,0,0,20,3,27,7.0,0.0
19,36,33,0,0,0,0,0,0,0,0,0,0,0,0,0,0,0,0,0.0,0.0
36,33,27,0,0,0,0,0,0,0,0,0,0,0,0,0,0,0,0,0.0,0.0
33,27,28,0,0,0,0,0,0,0,0,0,0,0,0,0,0,0,0,0.0,0.0
27,28,12,0,0,0,0,0,0,0,0,0,0,0,0,0,0,0,0,0.0,0.0
28,12,9,0,0,0,0,0,0,0,0,0,0,0,0,0,0,0,0,0.0,0.0
12,9,28,0,0,1,0,0,0,0,0,0,0,0,0,0,0,0,0,0.0,0.0
9,28,17,0,0,0,0,0,0,0,0,0,0,0,0,0,0,0,0,0.0,0.0
28,17,0,0,0,0,0,0,0,0,10,4,3,0,1,-28,40,1,9,31.0,0.0
0,18,17,1,0,0,0,1,0,0,10,0,9,0,9,46,36,2,12,24.0,0.0
18,17,19,0,0,0,0,0,0,0,10,0,4,2,2,-2,16,6,28,12.0,0.0
17,19,33,0,0,0,0,0,0,0,10,3,1,0,2,-46,25,1,24,1.0,0.0
19,33,22,0,0,0,0,0,0,0,0,0,0,0,0,0,0,0,0,0.0,0.0
33,22,34,0,0,0,0,0,0,0,0,0,0,0,0,0,0,0,0,0.0,0.0
22,34,11,0,0,0,0,0,0,0,0,0,0,0,0,0,0,0,0,0.0,0.0
34,11,29,1,0,0,1,0,0,0,0,0,0,0,0,0,0,0,0,0.0,0.0
11,29,0,0,0,0,1,0,0,0,0,0,0,0,0,0,0,0,0,0.0,0.0
0,17,31,0,0,0,0,1,0,1,0,0,0,0,0,0,19,0,31,12.0,0.0
17,31,12,0,0,0,0,1,0,1,0,0,0,0,0,0,0,0,0,0.0,0.0
31,12,20,0,0,0,0,1,0,1,0,0,0,0,0,0,0,0,0,0.0,0.0
12,20,27,0,0,0,0,1,0,1,10,5,0,1,4,-56,28,1,21,7.0,0.0
20,27,18,0,0,0,0,1,0,1,0,0,0,0,0,0,0,0,0,0.0,0.0
27,18,18,0,0,0,0,1,0,1,0,0,0,0,0,0,20,2,28,8.0,0.0
18,18,17,0,0,0,0,1,0,1,0,0,0,0,0,0,23,4,23,0.0,0.0
18,17,30,0,0,0,0,1,0,1,0,0,0,0,0,0,17,0,28,11.0,0.0
17,30,20,0,0,0,1,0,0,0,0,0,0,0,0,0,0,0,0,0.0,0.0
30,20,35,1,0,1,0,1,0,1,10,2,2,0,0,-44,20,0,20,0.0,0.0
20,35,20,0,0,0,0,0,0,0,0,0,0,0,0,0,0,0,0,0.0,0.0
35,20,18,0,0,0,0,0,0,0,10,6,1,0,5,-44,15,0,35,20.0,0.0
20,18,5,1,0,0,0,1,0,0,19,5,0,0,5,-64,17,3,25,8.0,0.0
18,5,12,0,0,1,1,0,0,0,0,0,0,0,0,0,0,0,0,0.0,0.0
5,12,20,1,0,0,0,1,0,0,0,0,0,0,0,0,0,0,0,0.0,0.0
12,20,35,0,0,0,0,0,0,0,0,0,0,0,0,0,21,3,26,5.0,0.0
20,35,31,0,0,0,1,0,0,0,0,0,0,0,0,0,0,0,0,0.0,0.0
35,31,17,0,0,0,0,0,0,0,0,0,0,0,0,0,0,0,0,0.0,0.0
31,17,7,0,0,0,0,0,0,0,10,6,1,0,5,-48,17,0,33,16.0,0.0
17,7,9,0,0,0,0,0,0,0,0,0,0,0,0,0,0,0,0,0.0,0.0
7,9,17,0,0,0,0,0,0,0,0,0,0,0,0,0,0,0,0,0.0,0.0
9,17,12,0,0,0,0,0,0,0,10,1,3,0,2,-18,41,3,6,35.0,0.0
17,12,20,0,0,0,0,0,0,0,0,0,0,0,0,0,0,0,0,0.0,0.0
12,20,35,1,0,1,0,1,0,1,10,2,2,0,0,-44,20,0,20,0.0,0.0
20,35,20,0,0,0,0,0,0,0,0,0,0,0,0,0,0,0,0,0.0,0.0
35,20,31,0,0,0,0,0,0,0,10,6,1,0,5,-44,15,0,35,20.0,0.0
20,31,9,0,0,0,0,0,0,0,0,0,0,0,0,0,0,0,0,0.0,0.0
31,9,28,0,0,1,0,0,0,0,0,0,0,0,0,0,0,0,0,0.0,0.0
9,28,18,1,0,0,0,1,0,0,0,0,0,0,0,0,0,0,0,0.0,0.0
28,18,3,1,0,0,0,1,0,0,10,0,9,0,9,60,40,0,10,30.0,0.0
18,3,7,0,0,1,1,0,0,0,0,0,0,0,0,0,0,0,0,0.0,0.0
3,7,20,0,0,0,0,0,0,0,0,0,0,0,0,0,0,0,0,0.0,0.0
7,20,35,1,0,1,0,1,0,1,10,2,2,0,0,-44,20,0,20,0.0,0.0
20,35,20,0,0,0,0,0,0,0,0,0,0,0,0,0,0,0,0,0.0,0.0
35,20,16,0,0,0,0,0,0,0,0,0,0,0,0,0,21,3,26,5.0,0.0
20,16,4,0,0,0,0,0,0,0,0,0,0,0,0,0,0,0,0,0.0,0.0
16,4,0,0,0,1,1,0,0,0,0,0,0,0,0,0,0,0,0,0.0,0.0
0,25,30,0,0,0,0,1,0,1,0,0,0,0,0,0,0,0,0,0.0,0.0
25,30,6,0,0,0,1,0,0,0,0,0,0,0,0,0,0,0,0,0.0,0.0
30,6,22,0,0,1,1,0,0,0,0,0,0,0,0,0,0,0,0,0.0,0.0
6,22,13,0,0,0,0,0,0,0,0,0,0,0,0,0,0,0,0,0.0,0.0
22,13,12,0,0,0,0,0,0,0,0,0,0,0,0,0,0,0,0,0.0,0.0
13,12,20,0,0,0,0,0,0,0,0,0,0,0,0,0,0,0,0,0.0,0.0
12,20,19,1,0,1,0,1,0,1,10,9,1,0,8,-60,27,1,22,5.0,0.0
20,19,27,0,0,0,0,0,0,0,10,0,1,9,8,-48,18,0,32,14.0,0.0
19,27,31,0,0,0,0,0,0,0,0,0,0,0,0,0,0,0,0,0.0,0.0
27,31,21,0,0,0,0,0,0,0,0,0,0,0,0,0,0,0,0,0.0,0.0
31,21,13,0,0,0,0,0,0,0,10,8,0,0,8,-68,14,1,15,1.0,0.0
21,13,17,0,0,0,0,0,0,0,0,0,0,0,0,0,0,0,0,0.0,0.0
13,17,18,0,0,0,0,0,0,0,10,5,2,1,3,-50,23,0,27,4.0,0.0
17,18,5,0,0,0,0,0,0,0,10,1,2,3,1,-44,20,0,30,10.0,0.0
18,5,31,0,0,1,1,0,0,0,0,0,0,0,0,0,0,0,0,0.0,0.0
5,31,13,0,0,0,0,0,0,0,0,0,0,0,0,0,0,0,0,0.0,0.0
31,13,20,0,0,0,0,0,0,0,0,0,0,0,0,0,0,0,0,0.0,0.0
13,20,32,0,0,0,0,0,0,0,10,0,1,0,1,-46,10,14,26,12.0,0.0
20,32,28,0,0,0,0,0,0,0,0,0,0,0,0,0,0,0,0,0.0,0.0
32,28,29,0,0,0,1,0,0,0,0,0,0,0,0,0,0,0,0,0.0,0.0
28,29,8,0,0,0,1,0,0,0,0,0,0,0,0,0,0,0,0,0.0,0.0
29,8,20,0,0,0,1,0,0,0,0,0,0,0,0,0,0,0,0,0.0,0.0
8,20,31,1,0,1,0,1,0,1,10,2,2,0,0,-44,20,0,20,0.0,0.0
20,31,28,0,0,0,0,0,0,0,0,0,0,0,0,0,0,0,0,0.0,0.0
31,28,17,0,0,0,0,0,0,0,0,0,0,0,0,0,0,0,0,0.0,0.0
28,17,0,0,0,0,0,0,0,0,10,6,1,0,5,-48,17,0,33,16.0,0.0
0,8,13,0,1,1,0,0,0,0,0,0,0,0,0,0,0,0,0,0.0,0.0
8,13,2,0,0,0,0,0,0,0,0,0,0,0,0,0,0,0,0,0.0,0.0
13,2,8,0,0,1,1,0,0,0,0,0,0,0,0,0,0,0,0,0.0,0.0
2,8,35,0,1,1,0,0,0,0,0,0,0,0,0,0,0,0,0,0.0,0.0
8,35,12,0,0,0,0,0,0,0,0,0,0,0,0,0,0,0,0,0.0,0.0
35,12,18,0,0,0,0,0,0,0,0,0,0,0,0,0,0,0,0,0.0,0.0
12,18,17,1,0,0,0,1,0,0,10,0,10,0,10,66,15,15,20,5.0,0.0
18,17,33,0,0,0,0,0,0,0,10,0,8,0,8,52,26,19,5,7.0,0.0
17,33,29,0,0,0,0,0,0,0,0,0,0,0,0,0,0,0,0,0.0,0.0
33,29,0,0,0,0,1,0,0,0,0,0,0,0,0,0,0,0,0,0.0,0.0
0,25,30,0,0,0,0,1,0,1,0,0,0,0,0,0,0,0,0,0.0,0.0
25,30,6,0,0,0,1,0,0,0,0,0,0,0,0,0,0,0,0,0.0,0.0
30,6,28,0,0,1,1,0,0,0,0,0,0,0,0,0,0,0,0,0.0,0.0
6,28,18,0,0,0,1,0,0,0,0,0,0,0,0,0,0,0,0,0.0,0.0
28,18,17,1,0,0,0,1,0,0,10,3,6,0,3,2,34,3,13,21.0,0.0
18,17,28,1,0,0,0,1,0,0,20,5,1,0,4,-66,12,0,33,21.0,0.0
17,28,25,0,0,0,1,0,0,0,0,0,0,0,0,0,0,0,0,0.0,0.0
28,25,7,0,0,0,0,1,0,1,0,0,0,0,0,0,0,0,0,0.0,0.0
25,7,31,0,0,0,0,0,0,0,0,0,0,0,0,0,0,0,0,0.0,0.0
7,31,12,0,0,0,0,0,0,0,0,0,0,0,0,0,0,0,0,0.0,0.0
31,12,9,0,0,0,0,0,0,0,0,0,0,0,0,0,0,0,0,0.0,0.0
12,9,17,0,0,1,0,0,0,0,0,0,0,0,0,0,0,0,0,0.0,0.0
9,17,27,0,0,0,0,0,0,0,10,4,1,0,3,-58,23,0,27,4.0,0.0
17,27,31,0,0,0,0,0,0,0,0,0,0,0,0,0,0,0,0,0.0,0.0
27,31,5,0,0,0,0,0,0,0,0,0,0,0,0,0,0,0,0,0.0,0.0
31,5,3,0,0,1,1,0,0,0,0,0,0,0,0,0,0,0,0,0.0,0.0
5,3,18,0,0,1,1,0,0,0,0,0,0,0,0,0,0,0,0,0.0,0.0
3,18,34,1,0,0,0,1,0,0,10,4,2,2,2,-44,17,0,33,16.0,0.0
18,34,18,0,0,0,0,0,0,0,0,0,0,0,0,0,0,0,0,0.0,0.0
34,18,8,1,0,0,0,1,0,0,10,1,7,1,6,34,29,4,17,12.0,0.0
18,8,18,0,1,1,0,0,0,0,0,0,0,0,0,0,0,0,0,0.0,0.0
8,18,4,1,0,0,0,1,0,0,10,5,0,0,5,-72,40,1,9,31.0,0.0
18,4,29,0,0,1,1,0,0,0,0,0,0,0,0,0,0,0,0,0.0,0.0
4,29,0,0,0,0,1,0,0,0,0,0,0,0,0,0,0,0,0,0.0,0.0
0,11,6,1,0,0,1,0,0,0,0,0,0,0,0,0,0,0,0,0.0,0.0
11,6,8,0,0,1,1,0,1,0,0,0,0,0,0,0,0,0,0,0.0,0.0
6,8,18,0,1,0,0,0,0,0,0,0,0,0,0,0,0,0,0,0.0,0.0
8,18,17,0,0,0,0,1,0,1,0,0,0,0,0,0,36,1,8,28.0,0.0
18,17,18,1,0,0,0,1,0,0,10,2,6,0,4,24,25,0,25,0.0,0.0
17,18,6,1,0,0,0,1,0,0,10,0,10,1,9,70,21,4,25,4.0,0.0
18,6,8,0,0,1,1,0,1,0,0,0,0,0,0,0,0,0,0,0.0,0.0
6,8,19,0,1,1,0,0,0,0,0,0,0,0,0,0,0,0,0,0.0,0.0
8,19,6,0,0,0,0,0,0,0,10,1,0,0,1,-66,34,6,10,24.0,0.0
19,6,18,0,0,1,1,0,1,0,0,0,0,0,0,0,0,0,0,0.0,0.0
6,18,5,1,0,0,0,1,0,0,0,0,0,0,0,0,17,3,15,2.0,0.0
18,5,8,0,0,1,1,0,0,0,0,0,0,0,0,0,0,0,0,0.0,0.0
5,8,2,0,1,0,0,0,0,0,0,0,0,0,0,0,0,0,0,0.0,0.0
8,2,18,0,0,1,1,0,0,0,0,0,0,0,0,0,0,0,0,0.0,0.0
2,18,18,1,0,0,0,1,0,0,0,0,0,0,0,0,26,1,23,3.0,0.0
18,18,6,1,0,1,0,1,0,1,10,8,1,0,7,-64,21,3,26,5.0,0.0
18,6,18,0,0,1,1,0,0,0,0,0,0,0,0,0,0,0,0,0.0,0.0
6,18,8,0,0,1,1,0,0,0,10,9,0,0,9,-74,0,0,0,0.0,0.0
18,8,5,0,0,0,1,0,0,0,0,0,0,0,0,0,0,0,0,0.0,0.0
8,5,8,0,0,1,1,0,0,0,0,0,0,0,0,0,0,0,0,0.0,0.0
5,8,17,1,0,0,0,0,0,0,0,0,0,0,0,0,0,0,0,0.0,0.0
8,17,6,1,0,0,0,1,0,0,10,2,4,0,2,-10,25,2,23,2.0,0.0
17,6,18,0,0,1,1,0,0,0,0,0,0,0,0,0,0,0,0,0.0,0.0
6,18,18,1,0,0,0,1,0,0,10,5,2,0,3,-34,20,4,26,6.0,0.0
18,18,6,1,0,0,1,1,1,0,0,0,0,0,0,0,33,3,14,19.0,0.0
18,6,29,0,0,0,1,0,0,0,0,0,0,0,0,0,0,0,0,0.0,0.0
6,29,11,0,0,0,1,0,0,0,0,0,0,0,0,0,0,0,0,0.0,0.0
29,11,0,0,0,0,1,0,0,0,0,0,0,0,0,0,0,0,0,0.0,0.0
0,31,27,1,0,0,0,1,0,0,0,0,0,0,0,0,0,0,0,0.0,0.0
31,27,1,0,0,0,0,0,0,0,0,0,0,0,0,0,0,0,0,0.0,0.0
27,1,9,0,0,1,1,0,0,0,0,0,0,0,0,0,0,0,0,0.0,0.0
1,9,13,1,0,0,0,1,0,0,0,0,0,0,0,0,0,0,0,0.0,0.0
9,13,19,1,0,0,0,1,0,0,0,0,0,0,0,0,0,0,0,0.0,0.0
13,19,12,1,0,0,0,1,0,0,20,1,1,8,7,-40,11,2,32,21.0,0.0
19,12,11,1,0,0,0,1,0,0,0,0,0,0,0,0,0,0,0,0.0,0.0
12,11,1,1,0,0,1,0,0,0,0,0,0,0,0,0,0,0,0,0.0,0.0
11,1,12,0,0,1,1,0,0,0,0,0,0,0,0,0,0,0,0,0.0,0.0
1,12,18,0,0,0,0,0,0,0,0,0,0,0,0,0,0,0,0,0.0,0.0
12,18,18,1,0,0,0,1,0,0,20,0,2,7,5,-32,18,10,17,1.0,0.0
18,18,18,1,0,0,0,1,0,0,19,0,6,1,5,8,21,5,24,3.0,0.0
18,18,36,1,0,0,0,1,0,0,20,0,4,7,3,-12,14,6,15,1.0,0.0
18,36,27,0,0,0,0,0,0,0,0,0,0,0,0,0,0,0,0,0.0,0.0
36,27,18,0,0,0,0,0,0,0,0,0,0,0,0,0,0,0,0,0.0,0.0
27,18,18,1,0,0,0,1,0,0,10,1,3,1,2,-30,7,0,43,36.0,0.0
18,18,12,1,0,0,0,1,0,0,0,0,0,0,0,0,14,0,36,22.0,0.0
18,12,30,0,0,0,0,0,0,0,0,0,0,0,0,0,0,0,0,0.0,0.0
12,30,11,0,0,0,1,0,0,0,0,0,0,0,0,0,0,0,0,0.0,0.0
30,11,29,0,0,0,1,0,0,0,0,0,0,0,0,0,0,0,0,0.0,0.0
11,29,0,0,0,0,1,0,0,0,0,0,0,0,0,0,0,0,0,0.0,0.0
0,9,18,1,0,0,0,1,0,0,0,0,0,0,0,0,0,0,0,0.0,0.0
9,18,18,1,0,0,0,1,0,0,10,0,9,0,9,64,18,18,14,0.0,0.0
18,18,33,1,0,0,0,1,0,0,0,0,0,0,0,0,37,5,8,29.0,0.0
18,33,36,0,0,0,0,0,0,0,0,0,0,0,0,0,0,0,0,0.0,0.0
33,36,9,0,0,0,0,0,0,0,0,0,0,0,0,0,0,0,0,0.0,0.0
36,9,13,0,0,0,0,0,0,0,0,0,0,0,0,0,0,0,0,0.0,0.0
9,13,18,0,0,0,0,0,0,0,0,0,0,0,0,0,0,0,0,0.0,0.0
13,18,33,0,0,0,0,0,0,0,0,0,0,0,0,0,18,9,18,0.0,0.0
18,33,17,0,0,0,0,0,0,0,0,0,0,0,0,0,0,0,0,0.0,0.0
33,17,7,0,0,0,0,0,0,0,10,9,0,0,9,-74,26,0,24,2.0,0.0
17,7,9,0,0,0,0,0,0,0,0,0,0,0,0,0,0,0,0,0.0,0.0
7,9,8,0,0,0,0,0,0,0,0,0,0,0,0,0,0,0,0,0.0,0.0
9,8,9,0,0,0,0,0,0,0,0,0,0,0,0,0,0,0,0,0.0,0.0
8,9,17,0,0,0,0,0,0,0,0,0,0,0,0,0,0,0,0,0.0,0.0
9,17,29,0,0,0,0,0,0,0,10,3,3,0,0,-30,31,1,18,13.0,0.0
17,29,20,0,0,0,1,0,0,0,0,0,0,0,0,0,0,0,0,0.0,0.0
29,20,31,1,0,1,0,1,0,1,10,2,2,0,0,-44,20,0,20,0.0,0.0
20,31,34,0,0,0,0,0,0,0,0,0,0,0,0,0,0,0,0,0.0,0.0
31,34,12,0,0,0,0,0,0,0,0,0,0,0,0,0,0,0,0,0.0,0.0
34,12,18,0,0,0,0,0,0,0,0,0,0,0,0,0,0,0,0,0.0,0.0
12,18,12,1,0,0,0,1,0,0,10,8,0,0,8,-60,17,1,32,15.0,0.0
18,12,8,0,0,0,0,0,0,0,0,0,0,0,0,0,0,0,0,0.0,0.0
12,8,19,0,1,1,0,0,0,0,0,0,0,0,0,0,0,0,0,0.0,0.0
8,19,7,0,0,0,0,0,0,0,10,1,5,7,2,8,23,0,27,4.0,0.0
19,7,8,0,0,0,0,0,0,0,0,0,0,0,0,0,0,0,0,0.0,0.0
7,8,19,0,1,1,0,0,0,0,0,0,0,0,0,0,0,0,0,0.0,0.0
8,19,3,0,0,0,0,0,0,0,10,3,0,0,3,-44,30,1,19,11.0,0.0
19,3,12,0,0,1,1,0,0,0,0,0,0,0,0,0,0,0,0,0.0,0.0
3,12,8,0,0,0,0,0,0,0,0,0,0,0,0,0,0,0,0,0.0,0.0
12,8,18,0,1,0,0,0,0,0,0,0,0,0,0,0,0,0,0,0.0,0.0
8,18,8,1,0,0,0,1,0,0,10,5,0,0,5,-72,40,1,9,31.0,0.0
18,8,4,0,1,0,0,0,0,0,0,0,0,0,0,0,0,0,0,0.0,0.0
8,4,5,0,0,1,1,0,0,0,0,0,0,0,0,0,0,0,0,0.0,0.0
4,5,7,0,0,1,1,0,0,0,0,0,0,0,0,0,0,0,0,0.0,0.0
5,7,20,1,0,0,0,1,0,0,0,0,0,0,0,0,0,0,0,0.0,0.0
7,20,5,0,0,0,0,0,0,0,10,6,1,0,5,-44,15,0,35,20.0,0.0
20,5,29,0,0,1,1,0,0,0,0,0,0,0,0,0,0,0,0,0.0,0.0
5,29,25,0,0,0,1,0,0,0,0,0,0,0,0,0,0,0,0,0.0,0.0
29,25,30,0,0,0,0,1,0,1,0,0,0,0,0,0,0,0,0,0.0,0.0
25,30,6,0,0,0,1,0,0,0,0,0,0,0,0,0,0,0,0,0.0,0.0
30,6,32,0,0,1,1,0,0,0,0,0,0,0,0,0,0,0,0,0.0,0.0
6,32,9,1,0,0,0,1,0,0,0,0,0,0,0,0,0,0,0,0.0,0.0
32,9,17,0,0,0,0,0,0,0,0,0,0,0,0,0,0,0,0,0.0,0.0
9,17,12,0,0,0,0,0,0,0,10,1,7,2,5,16,30,0,20,10.0,0.0
17,12,9,0,0,0,0,0,0,0,0,0,0,0,0,0,0,0,0,0.0,0.0
12,9,31,0,0,1,0,0,0,0,0,0,0,0,0,0,0,0,0,0.0,0.0
9,31,32,0,0,0,0,0,0,0,0,0,0,0,0,0,0,0,0,0.0,0.0
31,32,28,0,0,0,0,0,0,0,0,0,0,0,0,0,0,0,0,0.0,0.0
32,28,12,1,0,0,0,1,0,0,0,0,0,0,0,0,0,0,0,0.0,0.0
28,12,18,0,0,0,0,0,0,0,0,0,0,0,0,0,0,0,0,0.0,0.0
12,18,13,1,0,0,0,1,0,0,10,6,0,0,6,-64,0,0,50,50.0,0.0
18,13,5,0,0,0,0,0,0,0,0,0,0,0,0,0,0,0,0,0.0,0.0
13,5,11,0,0,1,1,0,0,0,0,0,0,0,0,0,0,0,0,0.0,0.0
5,11,9,1,0,0,1,0,0,0,0,0,0,0,0,0,0,0,0,0.0,0.0
11,9,1,1,0,0,0,1,0,0,0,0,0,0,0,0,0,0,0,0.0,0.0
9,1,18,0,0,1,1,0,0,0,0,0,0,0,0,0,0,0,0,0.0,0.0
1,18,13,0,0,1,0,0,0,0,10,7,1,0,6,-56,35,3,12,23.0,0.0
18,13,6,0,0,0,0,0,0,0,0,0,0,0,0,0,0,0,0,0.0,0.0
13,6,31,0,0,0,1,0,0,0,0,0,0,0,0,0,0,0,0,0.0,0.0
6,31,12,1,0,0,0,1,0,0,0,0,0,0,0,0,0,0,0,0.0,0.0
31,12,9,0,0,0,0,0,0,0,0,0,0,0,0,0,0,0,0,0.0,0.0
12,9,19,0,0,0,0,0,0,0,0,0,0,0,0,0,0,0,0,0.0,0.0
9,19,12,0,0,0,0,0,0,0,10,0,4,7,3,-12,30,1,19,11.0,0.0
19,12,9,0,0,0,0,0,0,0,0,0,0,0,0,0,0,0,0,0.0,0.0
12,9,18,0,0,0,0,0,0,0,0,0,0,0,0,0,0,0,0,0.0,0.0
9,18,33,1,0,0,0,1,0,0,19,0,2,0,2,-44,20,5,25,5.0,0.0
18,33,0,0,0,0,0,0,0,0,0,0,0,0,0,0,0,0,0,0.0,0.0
0,25,30,0,0,0,0,1,0,1,0,0,0,0,0,0,0,0,0,0.0,0.0
25,30,6,1,0,0,1,0,0,0,0,0,0,0,0,0,0,0,0,0.0,0.0
30,6,18,0,0,1,1,0,0,0,0,0,0,0,0,0,0,0,0,0.0,0.0
6,18,8,1,0,0,0,1,0,0,0,0,0,0,0,0,33,3,14,19.0,0.0
18,8,2,0,1,1,0,0,0,0,0,0,0,0,0,0,0,0,0,0.0,0.0
8,2,8,0,0,1,1,0,0,0,0,0,0,0,0,0,0,0,0,0.0,0.0
2,8,18,0,1,0,0,0,0,0,0,0,0,0,0,0,0,0,0,0.0,0.0
8,18,18,0,0,0,0,1,0,1,0,0,0,0,0,0,24,0,6,18.0,0.0
18,18,8,0,0,0,0,1,0,1,18,2,1,0,1,-38,16,10,19,3.0,0.0
18,8,30,0,0,0,0,0,0,0,0,0,0,0,0,0,0,0,0,0.0,0.0
8,30,17,0,0,0,1,0,0,0,0,0,0,0,0,0,0,0,0,0.0,0.0
30,17,28,0,0,0,0,1,0,1,20,1,1,0,0,-60,27,1,22,5.0,0.0
17,28,5,0,0,0,0,0,0,0,0,0,0,0,0,0,0,0,0,0.0,0.0
28,5,11,0,0,1,1,0,0,0,0,0,0,0,0,0,0,0,0,0.0,0.0
5,11,11,1,0,0,1,0,0,0,0,0,0,0,0,0,0,0,0,0.0,0.0
11,11,11,0,0,0,1,0,0,0,0,0,0,0,0,0,0,0,0,0.0,0.0
11,11,30,1,0,0,1,0,0,0,0,0,0,0,0,0,0,0,0,0.0,0.0
11,30,29,0,0,0,1,0,0,0,0,0,0,0,0,0,0,0,0,0.0,0.0
30,29,25,0,0,0,1,0,0,0,0,0,0,0,0,0,0,0,0,0.0,0.0
29,25,30,0,0,0,0,1,0,1,0,0,0,0,0,0,0,0,0,0.0,0.0
25,30,6,0,0,0,1,0,0,0,0,0,0,0,0,0,0,0,0,0.0,0.0
30,6,39,0,0,1,1,0,0,0,0,0,0,0,0,0,0,0,0,0.0,0.0
6,39,9,1,0,0,0,1,0,0,0,0,0,0,0,0,0,0,0,0.0,0.0
39,9,17,0,0,0,0,0,0,0,0,0,0,0,0,0,0,0,0,0.0,0.0
9,17,36,0,0,0,0,0,0,0,10,1,8,2,6,52,28,4,18,10.0,0.0
17,36,31,0,0,0,0,0,0,0,0,0,0,0,0,0,0,0,0,0.0,0.0
36,31,2,0,0,0,0,0,0,0,0,0,0,0,0,0,0,0,0,0.0,0.0
31,2,28,0,0,1,1,0,0,0,0,0,0,0,0,0,0,0,0,0.0,0.0
2,28,18,0,0,0,0,0,0,0,0,0,0,0,0,0,0,0,0,0.0,0.0
28,18,16,0,0,0,0,0,0,0,20,4,2,0,2,-22,25,2,23,2.0,0.0
18,16,31,0,0,0,0,0,0,0,0,0,0,0,0,0,0,0,0,0.0,0.0
16,31,20,0,0,0,0,0,0,0,0,0,0,0,0,0,0,0,0,0.0,0.0
31,20,5,0,0,0,0,0,0,0,10,3,4,0,1,-12,25,2,23,2.0,0.0
20,5,29,0,0,1,1,0,0,0,0,0,0,0,0,0,0,0,0,0.0,0.0
5,29,25,0,0,0,1,0,0,0,0,0,0,0,0,0,0,0,0,0.0,0.0
29,25,30,0,0,0,0,1,0,1,0,0,0,0,0,0,0,0,0,0.0,0.0
25,30,6,0,0,0,1,0,0,0,0,0,0,0,0,0,0,0,0,0.0,0.0
30,6,28,0,0,1,1,0,0,0,0,0,0,0,0,0,0,0,0,0.0,0.0
6,28,8,0,0,1,1,0,0,0,0,0,0,0,0,0,0,0,0,0.0,0.0
28,8,30,0,1,0,0,0,0,0,0,0,0,0,0,0,0,0,0,0.0,0.0
8,30,35,0,0,0,1,0,0,0,0,0,0,0,0,0,0,0,0,0.0,0.0
30,35,35,0,0,0,1,0,0,0,0,0,0,0,0,0,0,0,0,0.0,0.0
35,35,9,0,0,0,0,0,0,0,0,0,0,0,0,0,0,0,0,0.0,0.0
35,9,8,0,0,1,0,0,0,0,0,0,0,0,0,0,0,0,0,0.0,0.0
9,8,17,0,0,0,0,0,0,0,0,0,0,0,0,0,0,0,0,0.0,0.0
8,17,5,0,0,0,0,0,0,0,10,4,1,0,3,-58,23,0,27,4.0,0.0
17,5,13,0,0,1,1,0,0,0,0,0,0,0,0,0,0,0,0,0.0,0.0
5,13,9,1,0,0,0,1,0,0,0,0,0,0,0,0,0,0,0,0.0,0.0
13,9,17,0,0,1,0,0,0,0,0,0,0,0,0,0,0,0,0,0.0,0.0
9,17,35,0,0,0,0,0,0,0,10,0,1,0,1,-30,17,3,30,13.0,0.0
17,35,9,0,0,0,0,0,0,0,0,0,0,0,0,0,0,0,0,0.0,0.0
35,9,9,0,0,0,0,0,0,0,0,0,0,0,0,0,0,0,0,0.0,0.0
9,9,17,0,0,0,0,0,0,0,0,0,0,0,0,0,0,0,0,0.0,0.0
9,17,24,0,0,0,0,0,0,0,10,0,6,0,6,14,39,2,9,30.0,0.0
17,24,5,0,0,0,0,0,0,0,0,0,0,0,0,0,0,0,0,0.0,0.0
24,5,11,0,0,1,1,0,0,0,0,0,0,0,0,0,0,0,0,0.0,0.0
5,11,11,0,0,0,1,0,0,0,0,0,0,0,0,0,0,0,0,0.0,0.0
11,11,28,0,0,0,1,0,0,0,0,0,0,0,0,0,0,0,0,0.0,0.0
11,28,31,1,0,0,0,1,0,0,0,0,0,0,0,0,0,0,0,0.0,0.0
28,31,9,0,0,0,0,0,0,0,0,0,0,0,0,0,0,0,0,0.0,0.0
31,9,24,0,0,0,0,0,0,0,0,0,0,0,0,0,0,0,0,0.0,0.0
9,24,29,0,0,0,0,0,0,0,0,0,0,0,0,0,0,0,0,0.0,0.0
24,29,0,0,0,0,1,0,1,0,0,0,0,0,0,0,0,0,0,0.0,0.0
0,5,30,0,0,1,1,0,0,0,0,0,0,0,0,0,0,0,0,0.0,0.0
5,30,12,0,0,0,1,0,0,1,0,0,0,0,0,0,0,0,0,0.0,0.0
30,12,11,0,0,0,0,0,0,0,0,0,0,0,0,0,0,0,0,0.0,0.0
12,11,6,0,0,0,1,0,0,0,0,0,0,0,0,0,0,0,0,0.0,0.0
11,6,20,0,0,1,1,0,0,0,0,0,0,0,0,0,0,0,0,0.0,0.0
6,20,9,1,0,0,0,1,0,0,0,0,0,0,0,0,33,3,14,19.0,0.0
20,9,13,0,0,1,0,0,0,0,0,0,0,0,0,0,0,0,0,0.0,0.0
9,13,17,0,0,0,0,0,0,0,0,0,0,0,0,0,0,0,0,0.0,0.0
13,17,29,0,0,0,0,0,0,0,18,0,3,0,3,-22,14,0,31,17.0,0.0
17,29,29,0,0,0,1,0,0,0,0,0,0,0,0,0,0,0,0,0.0,0.0
29,29,25,0,0,0,1,0,0,0,0,0,0,0,0,0,0,0,0,0.0,0.0
29,25,30,0,0,0,0,1,0,1,0,0,0,0,0,0,0,0,0,0.0,0.0
25,30,6,0,0,0,1,0,0,0,0,0,0,0,0,0,0,0,0,0.0,0.0
30,6,8,0,0,1,1,0,0,0,0,0,0,0,0,0,0,0,0,0.0,0.0
6,8,11,0,1,0,0,0,0,0,0,0,0,0,0,0,0,0,0,0.0,0.0
8,11,11,0,0,0,1,0,0,0,0,0,0,0,0,0,0,0,0,0.0,0.0
11,11,11,0,0,0,1,0,0,0,0,0,0,0,0,0,0,0,0,0.0,0.0
11,11,11,0,0,0,1,0,0,0,0,0,0,0,0,0,0,0,0,0.0,0.0
11,11,8,0,0,0,1,0,0,1,0,0,0,0,0,0,0,0,0,0.0,0.0
11,8,17,0,0,0,0,0,0,0,0,0,0,0,0,0,0,0,0,0.0,0.0
8,17,33,1,0,0,0,1,0,0,20,0,1,0,1,-52,21,4,20,1.0,0.0
17,33,12,1,0,0,0,1,0,0,0,0,0,0,0,0,0,0,0,0.0,0.0
33,12,18,0,0,0,0,0,0,0,0,0,0,0,0,0,0,0,0,0.0,0.0
12,18,2,1,0,0,0,1,0,0,20,0,8,0,8,40,11,3,36,25.0,0.0
18,2,18,0,0,1,1,0,0,0,0,0,0,0,0,0,0,0,0,0.0,0.0
2,18,29,1,0,0,0,1,0,0,10,2,1,0,1,-46,15,15,20,5.0,0.0
18,29,0,0,0,0,1,0,0,0,0,0,0,0,0,0,0,0,0,0.0,0.0
0,12,21,1,0,0,0,1,0,0,0,0,0,0,0,0,0,0,0,0.0,0.0
12,21,13,0,0,0,0,0,0,0,10,8,0,0,8,-68,14,1,15,1.0,0.0
21,13,17,0,0,0,0,0,0,0,0,0,0,0,0,0,0,0,0,0.0,0.0
13,17,17,0,0,0,0,0,0,0,0,0,0,0,0,0,11,4,35,24.0,0.0
17,17,5,0,0,0,0,0,0,0,10,0,1,0,1,-30,17,3,30,13.0,0.0
17,5,20,0,0,1,1,0,0,0,0,0,0,0,0,0,0,0,0,0.0,0.0
5,20,31,1,0,0,0,1,0,0,10,9,0,0,9,-72,24,1,25,1.0,0.0
20,31,8,0,0,0,0,0,0,0,0,0,0,0,0,0,0,0,0,0.0,0.0
31,8,23,0,0,0,0,0,0,0,0,0,0,0,0,0,0,0,0,0.0,0.0
8,23,19,0,0,0,0,0,0,0,0,0,0,0,0,0,0,0,0,0.0,0.0
23,19,12,0,0,0,0,0,0,0,10,3,2,3,0,-28,10,2,38,28.0,0.0
19,12,19,0,0,0,0,0,0,0,0,0,0,0,0,0,0,0,0,0.0,0.0
12,19,7,0,0,0,0,0,0,0,20,5,1,0,4,-50,17,3,30,13.0,0.0
19,7,20,0,0,0,0,0,0,0,0,0,0,0,0,0,0,0,0,0.0,0.0
7,20,35,1,0,1,0,1,0,1,10,2,2,0,0,-44,20,0,20,0.0,0.0
20,35,34,0,0,0,0,0,0,0,0,0,0,0,0,0,0,0,0,0.0,0.0
35,34,5,0,0,0,0,0,0,0,0,0,0,0,0,0,0,0,0,0.0,0.0
34,5,7,0,0,1,1,0,0,0,0,0,0,0,0,0,0,0,0,0.0,0.0
5,7,2,1,0,0,0,1,0,0,0,0,0,0,0,0,0,0,0,0.0,0.0
7,2,20,0,0,1,1,0,0,0,0,0,0,0,0,0,0,0,0,0.0,0.0
2,20,16,1,0,1,0,1,0,1,10,2,2,0,0,-44,20,0,20,0.0,0.0
20,16,35,0,0,0,1,0,0,0,0,0,0,0,0,0,0,0,0,0.0,0.0
16,35,21,0,0,0,0,0,0,0,0,0,0,0,0,0,0,0,0,0.0,0.0
35,21,19,0,0,0,0,0,0,0,10,8,0,0,8,-68,14,1,15,1.0,0.0
21,19,12,0,0,0,0,0,0,0,10,1,5,12,7,-8,19,1,30,11.0,0.0
19,12,9,0,0,0,0,0,0,0,0,0,0,0,0,0,0,0,0,0.0,0.0
12,9,5,0,0,0,0,0,0,0,0,0,0,0,0,0,0,0,0,0.0,0.0
9,5,29,0,0,1,1,0,0,0,0,0,0,0,0,0,0,0,0,0.0,0.0
5,29,17,0,0,0,1,0,0,0,0,0,0,0,0,0,0,0,0,0.0,0.0
29,17,5,1,0,0,0,1,0,0,20,2,2,0,0,-26,31,0,14,17.0,0.0
17,5,29,0,0,1,1,0,0,0,0,0,0,0,0,0,0,0,0,0.0,0.0
5,29,0,0,0,0,1,0,0,0,0,0,0,0,0,0,0,0,0,0.0,0.0
0,18,17,1,0,0,0,1,0,0,10,5,2,0,3,-34,20,4,26,6.0,0.0
18,17,17,0,0,0,0,0,0,0,10,5,1,0,4,-64,7,1,42,35.0,0.0
17,17,13,0,0,0,0,0,0,0,10,1,1,0,0,-46,18,7,25,7.0,0.0
17,13,5,0,0,0,0,0,0,0,0,0,0,0,0,0,0,0,0,0.0,0.0
13,5,11,0,0,1,1,0,0,0,0,0,0,0,0,0,0,0,0,0.0,0.0
5,11,11,0,0,0,1,0,0,1,0,0,0,0,0,0,0,0,0,0.0,0.0
11,11,0,0,0,0,1,0,0,0,0,0,0,0,0,0,0,0,0,0.0,0.0
0,18,19,1,0,0,0,1,0,0,10,1,4,1,3,-16,42,5,3,37.0,0.0
18,19,18,0,0,0,0,0,0,0,0,0,0,0,0,0,25,1,24,1.0,0.0
19,18,12,1,0,0,0,1,0,0,10,10,2,0,8,-44,44,1,5,39.0,0.0
18,12,17,0,0,0,0,0,0,0,0,0,0,0,0,0,0,0,0,0.0,0.0
12,17,12,0,0,0,0,0,0,0,0,0,0,0,0,0,25,0,20,5.0,0.0
17,12,19,0,0,0,0,0,0,0,0,0,0,0,0,0,0,0,0,0.0,0.0
12,19,12,0,0,0,0,0,0,0,10,3,1,0,2,-46,25,1,24,1.0,0.0
19,12,18,0,0,0,0,0,0,0,0,0,0,0,0,0,0,0,0,0.0,0.0
12,18,17,1,0,0,0,1,0,0,10,1,3,0,2,-22,27,1,22,5.0,0.0
18,17,6,0,0,0,0,0,0,0,10,5,1,0,4,-50,46,1,3,43.0,0.0
17,6,18,0,0,1,1,0,0,0,0,0,0,0,0,0,0,0,0,0.0,0.0
6,18,29,1,0,0,0,1,0,1,0,0,0,0,0,0,19,1,15,4.0,0.0
18,29,20,0,0,0,1,0,1,0,0,0,0,0,0,0,0,0,0,0.0,0.0
29,20,28,1,0,0,0,1,0,0,10,7,2,0,5,-44,16,0,34,18.0,0.0
20,28,24,0,0,0,0,0,0,0,0,0,0,0,0,0,0,0,0,0.0,0.0
28,24,21,0,0,0,0,0,0,0,0,0,0,0,0,0,0,0,0,0.0,0.0
24,21,17,0,0,0,0,0,0,0,10,8,0,0,8,-68,14,1,15,1.0,0.0
21,17,39,0,0,0,0,0,0,0,10,1,3,0,2,-18,41,3,6,35.0,0.0
17,39,9,0,0,0,0,0,0,0,0,0,0,0,0,0,0,0,0,0.0,0.0
39,9,17,0,0,0,0,0,0,0,0,0,0,0,0,0,0,0,0,0.0,0.0
9,17,35,0,0,0,0,0,0,0,10,1,8,2,6,52,28,4,18,10.0,0.0
17,35,31,0,0,0,1,0,0,0,0,0,0,0,0,0,0,0,0,0.0,0.0
35,31,25,0,0,0,0,0,0,0,0,0,0,0,0,0,0,0,0,0.0,0.0
31,25,30,0,0,0,0,1,0,1,0,0,0,0,0,0,0,0,0,0.0,0.0
25,30,6,0,0,0,1,0,0,0,0,0,0,0,0,0,0,0,0,0.0,0.0
30,6,31,0,0,1,1,0,0,0,0,0,0,0,0,0,0,0,0,0.0,0.0
6,31,13,1,0,0,0,1,0,0,0,0,0,0,0,0,0,0,0,0.0,0.0
31,13,12,0,0,0,0,0,0,0,0,0,0,0,0,0,0,0,0,0.0,0.0
13,12,18,0,0,0,0,0,0,0,0,0,0,0,0,0,0,0,0,0.0,0.0
12,18,8,1,0,0,0,1,0,0,10,1,3,0,2,-2,0,0,50,50.0,0.0
18,8,5,0,0,0,0,0,0,0,0,0,0,0,0,0,0,0,0,0.0,0.0
8,5,20,0,0,1,1,0,0,0,0,0,0,0,0,0,0,0,0,0.0,0.0
5,20,33,1,0,0,0,1,0,0,0,0,0,0,0,0,33,3,14,19.0,0.0
20,33,24,0,0,0,0,0,0,0,0,0,0,0,0,0,0,0,0,0.0,0.0
33,24,5,0,0,0,0,0,0,0,0,0,0,0,0,0,0,0,0,0.0,0.0
24,5,11,0,0,0,1,0,0,0,0,0,0,0,0,0,0,0,0,0.0,0.0
